incident_id,event_id
INC_0,EV_406
INC_0,EV_617
INC_0,EV_218
INC_0,EV_235
INC_0,EV_282
INC_0,EV_1314
INC_0,EV_1453
INC_0,EV_1286
INC_1,EV_126
INC_1,EV_1356
INC_1,EV_199
INC_1,EV_1176
INC_1,EV_366
INC_1,EV_1395
INC_1,EV_889
INC_1,EV_449
INC_1,EV_1483
INC_1,EV_1401
INC_1,EV_354
INC_1,EV_191
INC_1,EV_103
INC_1,EV_368
INC_1,EV_416
INC_1,EV_1469
INC_1,EV_1341
INC_1,EV_66
INC_1,EV_384
INC_1,EV_337
INC_2,EV_1282
INC_2,EV_1446
INC_2,EV_1090
INC_2,EV_222
INC_2,EV_876
INC_2,EV_1383
INC_2,EV_1179
INC_3,EV_1099
INC_3,EV_1175
INC_3,EV_75
INC_3,EV_551
INC_3,EV_430
INC_3,EV_274
INC_3,EV_1006
INC_3,EV_1303
INC_3,EV_311
INC_3,EV_1239
INC_3,EV_1115
INC_4,EV_451
INC_4,EV_714
INC_4,EV_497
INC_4,EV_1301
INC_4,EV_1499
INC_4,EV_1428
INC_4,EV_298
INC_4,EV_1004
INC_4,EV_896
INC_4,EV_372
INC_4,EV_1356
INC_4,EV_63
INC_4,EV_1484
INC_4,EV_1093
INC_4,EV_417
INC_4,EV_170
INC_4,EV_910
INC_4,EV_476
INC_4,EV_355
INC_5,EV_92
INC_5,EV_1002
INC_5,EV_656
INC_5,EV_413
INC_5,EV_51
INC_6,EV_519
INC_6,EV_47
INC_6,EV_1253
INC_6,EV_867
INC_6,EV_88
INC_6,EV_584
INC_6,EV_1090
INC_6,EV_536
INC_6,EV_1197
INC_6,EV_248
INC_6,EV_392
INC_6,EV_1160
INC_7,EV_861
INC_7,EV_383
INC_7,EV_1455
INC_7,EV_78
INC_7,EV_342
INC_7,EV_901
INC_7,EV_580
INC_7,EV_1128
INC_7,EV_329
INC_7,EV_1100
INC_7,EV_394
INC_7,EV_1321
INC_7,EV_176
INC_7,EV_572
INC_8,EV_29
INC_8,EV_681
INC_8,EV_355
INC_8,EV_1212
INC_8,EV_1090
INC_8,EV_116
INC_8,EV_885
INC_8,EV_1237
INC_8,EV_998
INC_8,EV_173
INC_8,EV_551
INC_8,EV_192
INC_8,EV_351
INC_8,EV_1112
INC_8,EV_453
INC_8,EV_703
INC_8,EV_333
INC_8,EV_779
INC_8,EV_1398
INC_8,EV_72
INC_9,EV_253
INC_9,EV_1300
INC_9,EV_905
INC_9,EV_133
INC_9,EV_842
INC_9,EV_1210
INC_9,EV_951
INC_9,EV_1006
INC_9,EV_399
INC_9,EV_1284
INC_10,EV_1483
INC_10,EV_640
INC_10,EV_394
INC_10,EV_890
INC_10,EV_1003
INC_10,EV_720
INC_10,EV_726
INC_10,EV_786
INC_10,EV_1017
INC_10,EV_453
INC_10,EV_392
INC_10,EV_877
INC_10,EV_1392
INC_10,EV_823
INC_10,EV_688
INC_10,EV_261
INC_11,EV_880
INC_11,EV_602
INC_11,EV_42
INC_11,EV_203
INC_11,EV_945
INC_11,EV_36
INC_11,EV_876
INC_11,EV_797
INC_11,EV_975
INC_11,EV_1044
INC_11,EV_520
INC_11,EV_845
INC_11,EV_450
INC_11,EV_426
INC_11,EV_508
INC_11,EV_1142
INC_12,EV_184
INC_12,EV_1325
INC_12,EV_1262
INC_12,EV_931
INC_12,EV_809
INC_12,EV_478
INC_12,EV_1468
INC_12,EV_455
INC_12,EV_203
INC_12,EV_409
INC_12,EV_573
INC_12,EV_715
INC_12,EV_248
INC_12,EV_1066
INC_13,EV_89
INC_13,EV_1076
INC_13,EV_832
INC_13,EV_298
INC_13,EV_306
INC_13,EV_792
INC_13,EV_1498
INC_13,EV_967
INC_13,EV_333
INC_13,EV_523
INC_13,EV_853
INC_13,EV_1246
INC_13,EV_787
INC_14,EV_1454
INC_14,EV_1362
INC_14,EV_819
INC_14,EV_798
INC_14,EV_1404
INC_14,EV_253
INC_14,EV_1130
INC_14,EV_62
INC_14,EV_1381
INC_14,EV_115
INC_14,EV_724
INC_14,EV_368
INC_14,EV_1106
INC_15,EV_931
INC_15,EV_578
INC_15,EV_1310
INC_15,EV_1345
INC_15,EV_1400
INC_16,EV_1005
INC_16,EV_1104
INC_16,EV_498
INC_16,EV_932
INC_16,EV_20
INC_16,EV_545
INC_16,EV_1082
INC_16,EV_919
INC_16,EV_810
INC_16,EV_430
INC_16,EV_560
INC_16,EV_151
INC_16,EV_13
INC_17,EV_1143
INC_17,EV_104
INC_17,EV_1452
INC_17,EV_1494
INC_17,EV_1339
INC_17,EV_78
INC_17,EV_903
INC_17,EV_461
INC_17,EV_1190
INC_18,EV_687
INC_18,EV_1279
INC_18,EV_66
INC_18,EV_203
INC_18,EV_295
INC_18,EV_1305
INC_18,EV_543
INC_18,EV_1296
INC_18,EV_1488
INC_18,EV_866
INC_18,EV_146
INC_18,EV_1035
INC_18,EV_1456
INC_18,EV_1268
INC_18,EV_41
INC_18,EV_1006
INC_18,EV_1155
INC_19,EV_743
INC_19,EV_907
INC_19,EV_935
INC_19,EV_529
INC_19,EV_1149
INC_19,EV_517
INC_19,EV_357
INC_19,EV_457
INC_19,EV_243
INC_20,EV_1096
INC_20,EV_114
INC_20,EV_1340
INC_20,EV_1191
INC_20,EV_247
INC_20,EV_1341
INC_20,EV_1204
INC_20,EV_844
INC_20,EV_24
INC_20,EV_568
INC_20,EV_810
INC_20,EV_477
INC_20,EV_602
INC_20,EV_1243
INC_20,EV_187
INC_20,EV_317
INC_20,EV_110
INC_21,EV_1044
INC_21,EV_988
INC_21,EV_1369
INC_21,EV_954
INC_21,EV_788
INC_21,EV_1487
INC_21,EV_455
INC_21,EV_897
INC_21,EV_1324
INC_21,EV_736
INC_21,EV_263
INC_21,EV_1024
INC_22,EV_795
INC_22,EV_743
INC_22,EV_417
INC_22,EV_1237
INC_22,EV_985
INC_22,EV_1239
INC_22,EV_1164
INC_22,EV_810
INC_22,EV_679
INC_22,EV_931
INC_22,EV_288
INC_22,EV_966
INC_23,EV_9
INC_23,EV_607
INC_23,EV_767
INC_23,EV_454
INC_23,EV_1232
INC_23,EV_587
INC_23,EV_1319
INC_23,EV_931
INC_23,EV_771
INC_24,EV_98
INC_24,EV_1027
INC_24,EV_219
INC_24,EV_339
INC_24,EV_679
INC_24,EV_593
INC_24,EV_643
INC_24,EV_268
INC_24,EV_1241
INC_24,EV_726
INC_24,EV_584
INC_24,EV_685
INC_24,EV_489
INC_24,EV_1081
INC_25,EV_603
INC_25,EV_35
INC_25,EV_846
INC_25,EV_207
INC_25,EV_729
INC_25,EV_638
INC_25,EV_144
INC_25,EV_1316
INC_25,EV_251
INC_25,EV_291
INC_25,EV_338
INC_25,EV_676
INC_25,EV_842
INC_25,EV_660
INC_25,EV_295
INC_26,EV_216
INC_26,EV_331
INC_26,EV_1282
INC_26,EV_865
INC_26,EV_1481
INC_26,EV_16
INC_26,EV_72
INC_26,EV_40
INC_26,EV_916
INC_27,EV_1283
INC_27,EV_387
INC_27,EV_1489
INC_27,EV_1385
INC_27,EV_101
INC_27,EV_776
INC_27,EV_1334
INC_27,EV_453
INC_27,EV_559
INC_28,EV_1282
INC_28,EV_831
INC_28,EV_706
INC_28,EV_456
INC_28,EV_1038
INC_28,EV_1009
INC_28,EV_1369
INC_28,EV_1342
INC_28,EV_1201
INC_28,EV_1474
INC_28,EV_66
INC_29,EV_609
INC_29,EV_21
INC_29,EV_194
INC_29,EV_793
INC_29,EV_1448
INC_29,EV_19
INC_29,EV_1275
INC_29,EV_213
INC_29,EV_1160
INC_29,EV_834
INC_29,EV_1133
INC_29,EV_189
INC_29,EV_1066
INC_29,EV_1187
