Source,Target
CORE-03,AGG-000
CORE-03,AGG-003
AGG-000,ACCESS-0007
AGG-000,ACCESS-0011
AGG-000,ACCESS-0017
AGG-000,ACCESS-0050
AGG-000,ACCESS-0051
AGG-000,ACCESS-0052
AGG-000,ACCESS-0065
AGG-000,ACCESS-0071
CORE-01,AGG-001
CORE-01,AGG-002
CORE-01,AGG-004
CORE-01,AGG-005
CORE-01,AGG-011
CORE-01,AGG-016
AGG-001,ACCESS-0045
AGG-001,ACCESS-0061
AGG-001,ACCESS-0072
AGG-001,ACCESS-0076
AGG-002,ACCESS-0001
AGG-002,ACCESS-0026
AGG-002,ACCESS-0032
AGG-002,ACCESS-0036
AGG-002,ACCESS-0043
AGG-002,ACCESS-0084
AGG-002,ACCESS-0085
AGG-002,ACCESS-0088
AGG-002,ACCESS-0097
AGG-003,ACCESS-0008
AGG-003,ACCESS-0059
AGG-003,ACCESS-0070
AGG-004,ACCESS-0019
AGG-004,ACCESS-0027
AGG-004,ACCESS-0074
AGG-004,ACCESS-0078
AGG-004,ACCESS-0092
AGG-004,ACCESS-0095
AGG-005,ACCESS-0040
AGG-005,ACCESS-0044
AGG-005,ACCESS-0054
AGG-005,ACCESS-0099
CORE-00,AGG-006
CORE-00,AGG-007
CORE-00,AGG-009
CORE-00,AGG-010
CORE-00,AGG-012
CORE-00,AGG-013
CORE-00,AGG-019
AGG-006,ACCESS-0031
AGG-006,ACCESS-0035
AGG-006,ACCESS-0060
AGG-006,ACCESS-0082
AGG-007,ACCESS-0002
AGG-007,ACCESS-0005
AGG-007,ACCESS-0029
AGG-007,ACCESS-0086
AGG-007,ACCESS-0096
CORE-02,AGG-008
CORE-02,AGG-014
CORE-02,AGG-015
CORE-02,AGG-017
CORE-02,AGG-018
AGG-008,ACCESS-0003
AGG-008,ACCESS-0058
AGG-009,ACCESS-0013
AGG-009,ACCESS-0015
AGG-009,ACCESS-0057
AGG-010,ACCESS-0016
AGG-010,ACCESS-0025
AGG-010,ACCESS-0067
AGG-011,ACCESS-0038
AGG-011,ACCESS-0039
AGG-011,ACCESS-0047
AGG-011,ACCESS-0055
AGG-011,ACCESS-0062
AGG-012,ACCESS-0020
AGG-012,ACCESS-0034
AGG-012,ACCESS-0049
AGG-012,ACCESS-0069
AGG-012,ACCESS-0077
AGG-012,ACCESS-0079
AGG-012,ACCESS-0089
AGG-013,ACCESS-0012
AGG-013,ACCESS-0063
AGG-013,ACCESS-0068
AGG-013,ACCESS-0075
AGG-013,ACCESS-0091
AGG-013,ACCESS-0098
AGG-014,ACCESS-0004
AGG-014,ACCESS-0006
AGG-014,ACCESS-0010
AGG-014,ACCESS-0022
AGG-014,ACCESS-0037
AGG-014,ACCESS-0056
AGG-014,ACCESS-0090
AGG-015,ACCESS-0018
AGG-015,ACCESS-0021
AGG-015,ACCESS-0041
AGG-015,ACCESS-0048
AGG-016,ACCESS-0014
AGG-016,ACCESS-0028
AGG-016,ACCESS-0030
AGG-016,ACCESS-0081
AGG-016,ACCESS-0083
AGG-016,ACCESS-0094
AGG-017,ACCESS-0023
AGG-017,ACCESS-0042
AGG-017,ACCESS-0046
AGG-017,ACCESS-0066
AGG-018,ACCESS-0000
AGG-018,ACCESS-0009
AGG-018,ACCESS-0024
AGG-018,ACCESS-0053
AGG-018,ACCESS-0073
AGG-018,ACCESS-0080
AGG-018,ACCESS-0087
AGG-018,ACCESS-0093
AGG-019,ACCESS-0033
AGG-019,ACCESS-0064
ACCESS-0000,ONT-00164
ACCESS-0000,ONT-00188
ACCESS-0000,ONT-00343
ACCESS-0000,ONT-00345
ACCESS-0000,ONT-00431
ACCESS-0000,ONT-00593
ACCESS-0000,ONT-00914
ACCESS-0000,ONT-00937
ACCESS-0000,ONT-01012
ACCESS-0000,ONT-01127
ACCESS-0000,ONT-01153
ACCESS-0000,ONT-01228
ACCESS-0000,ONT-01458
ACCESS-0000,ONT-01478
ACCESS-0000,ONT-01654
ACCESS-0000,ONT-01715
ACCESS-0000,ONT-01802
ACCESS-0000,ONT-01955
ACCESS-0000,ONT-02086
ACCESS-0000,ONT-02211
ACCESS-0000,ONT-02212
ACCESS-0000,ONT-02399
ACCESS-0000,ONT-02490
ACCESS-0000,ONT-02572
ACCESS-0000,ONT-02576
ACCESS-0000,ONT-02663
ACCESS-0000,ONT-02705
ACCESS-0000,ONT-02755
ACCESS-0000,ONT-02892
ACCESS-0000,ONT-02902
ACCESS-0001,ONT-00122
ACCESS-0001,ONT-00167
ACCESS-0001,ONT-00269
ACCESS-0001,ONT-00334
ACCESS-0001,ONT-00472
ACCESS-0001,ONT-00566
ACCESS-0001,ONT-00779
ACCESS-0001,ONT-01075
ACCESS-0001,ONT-01088
ACCESS-0001,ONT-01195
ACCESS-0001,ONT-01278
ACCESS-0001,ONT-01290
ACCESS-0001,ONT-01291
ACCESS-0001,ONT-01324
ACCESS-0001,ONT-01390
ACCESS-0001,ONT-01398
ACCESS-0001,ONT-01505
ACCESS-0001,ONT-01511
ACCESS-0001,ONT-01534
ACCESS-0001,ONT-01791
ACCESS-0001,ONT-01989
ACCESS-0001,ONT-02017
ACCESS-0001,ONT-02213
ACCESS-0001,ONT-02226
ACCESS-0001,ONT-02393
ACCESS-0001,ONT-02590
ACCESS-0001,ONT-02903
ACCESS-0001,ONT-02940
ACCESS-0002,ONT-00067
ACCESS-0002,ONT-00082
ACCESS-0002,ONT-00100
ACCESS-0002,ONT-00157
ACCESS-0002,ONT-00177
ACCESS-0002,ONT-00182
ACCESS-0002,ONT-00205
ACCESS-0002,ONT-00295
ACCESS-0002,ONT-00373
ACCESS-0002,ONT-00726
ACCESS-0002,ONT-00846
ACCESS-0002,ONT-00848
ACCESS-0002,ONT-00884
ACCESS-0002,ONT-00893
ACCESS-0002,ONT-01029
ACCESS-0002,ONT-01078
ACCESS-0002,ONT-01098
ACCESS-0002,ONT-01271
ACCESS-0002,ONT-01279
ACCESS-0002,ONT-01364
ACCESS-0002,ONT-01602
ACCESS-0002,ONT-01618
ACCESS-0002,ONT-01649
ACCESS-0002,ONT-01738
ACCESS-0002,ONT-01798
ACCESS-0002,ONT-01803
ACCESS-0002,ONT-01821
ACCESS-0002,ONT-02011
ACCESS-0002,ONT-02033
ACCESS-0002,ONT-02082
ACCESS-0002,ONT-02094
ACCESS-0002,ONT-02181
ACCESS-0002,ONT-02220
ACCESS-0002,ONT-02320
ACCESS-0002,ONT-02535
ACCESS-0002,ONT-02734
ACCESS-0002,ONT-02841
ACCESS-0002,ONT-02846
ACCESS-0002,ONT-02986
ACCESS-0002,ONT-02991
ACCESS-0003,ONT-00012
ACCESS-0003,ONT-00036
ACCESS-0003,ONT-00048
ACCESS-0003,ONT-00076
ACCESS-0003,ONT-00197
ACCESS-0003,ONT-00248
ACCESS-0003,ONT-00293
ACCESS-0003,ONT-00356
ACCESS-0003,ONT-00396
ACCESS-0003,ONT-00648
ACCESS-0003,ONT-00727
ACCESS-0003,ONT-00731
ACCESS-0003,ONT-00771
ACCESS-0003,ONT-00792
ACCESS-0003,ONT-00864
ACCESS-0003,ONT-00871
ACCESS-0003,ONT-01151
ACCESS-0003,ONT-01374
ACCESS-0003,ONT-01529
ACCESS-0003,ONT-01598
ACCESS-0003,ONT-01653
ACCESS-0003,ONT-01692
ACCESS-0003,ONT-01696
ACCESS-0003,ONT-01745
ACCESS-0003,ONT-01838
ACCESS-0003,ONT-01883
ACCESS-0003,ONT-02028
ACCESS-0003,ONT-02105
ACCESS-0003,ONT-02184
ACCESS-0003,ONT-02319
ACCESS-0003,ONT-02461
ACCESS-0003,ONT-02624
ACCESS-0003,ONT-02724
ACCESS-0003,ONT-02911
ACCESS-0003,ONT-02968
ACCESS-0004,ONT-00092
ACCESS-0004,ONT-00116
ACCESS-0004,ONT-00127
ACCESS-0004,ONT-00226
ACCESS-0004,ONT-00439
ACCESS-0004,ONT-00465
ACCESS-0004,ONT-00490
ACCESS-0004,ONT-00584
ACCESS-0004,ONT-00695
ACCESS-0004,ONT-00725
ACCESS-0004,ONT-00750
ACCESS-0004,ONT-00843
ACCESS-0004,ONT-00917
ACCESS-0004,ONT-01008
ACCESS-0004,ONT-01040
ACCESS-0004,ONT-01145
ACCESS-0004,ONT-01184
ACCESS-0004,ONT-01275
ACCESS-0004,ONT-01504
ACCESS-0004,ONT-01766
ACCESS-0004,ONT-01793
ACCESS-0004,ONT-02005
ACCESS-0004,ONT-02031
ACCESS-0004,ONT-02043
ACCESS-0004,ONT-02179
ACCESS-0004,ONT-02198
ACCESS-0004,ONT-02285
ACCESS-0004,ONT-02313
ACCESS-0004,ONT-02392
ACCESS-0004,ONT-02437
ACCESS-0004,ONT-02442
ACCESS-0004,ONT-02518
ACCESS-0004,ONT-02674
ACCESS-0004,ONT-02747
ACCESS-0004,ONT-02786
ACCESS-0004,ONT-02868
ACCESS-0004,ONT-02961
ACCESS-0005,ONT-00132
ACCESS-0005,ONT-00133
ACCESS-0005,ONT-00174
ACCESS-0005,ONT-00199
ACCESS-0005,ONT-00215
ACCESS-0005,ONT-00247
ACCESS-0005,ONT-00264
ACCESS-0005,ONT-00358
ACCESS-0005,ONT-00413
ACCESS-0005,ONT-00480
ACCESS-0005,ONT-00500
ACCESS-0005,ONT-00598
ACCESS-0005,ONT-01086
ACCESS-0005,ONT-01119
ACCESS-0005,ONT-01132
ACCESS-0005,ONT-01181
ACCESS-0005,ONT-01495
ACCESS-0005,ONT-01549
ACCESS-0005,ONT-01674
ACCESS-0005,ONT-01694
ACCESS-0005,ONT-01733
ACCESS-0005,ONT-02147
ACCESS-0005,ONT-02249
ACCESS-0005,ONT-02359
ACCESS-0005,ONT-02410
ACCESS-0005,ONT-02433
ACCESS-0005,ONT-02454
ACCESS-0005,ONT-02623
ACCESS-0005,ONT-02680
ACCESS-0005,ONT-02776
ACCESS-0005,ONT-02783
ACCESS-0005,ONT-02820
ACCESS-0006,ONT-00060
ACCESS-0006,ONT-00084
ACCESS-0006,ONT-00170
ACCESS-0006,ONT-00198
ACCESS-0006,ONT-00241
ACCESS-0006,ONT-00297
ACCESS-0006,ONT-00300
ACCESS-0006,ONT-00301
ACCESS-0006,ONT-00455
ACCESS-0006,ONT-00470
ACCESS-0006,ONT-00570
ACCESS-0006,ONT-00574
ACCESS-0006,ONT-00609
ACCESS-0006,ONT-00620
ACCESS-0006,ONT-00622
ACCESS-0006,ONT-00715
ACCESS-0006,ONT-00721
ACCESS-0006,ONT-00970
ACCESS-0006,ONT-01212
ACCESS-0006,ONT-01333
ACCESS-0006,ONT-01356
ACCESS-0006,ONT-01473
ACCESS-0006,ONT-01517
ACCESS-0006,ONT-01565
ACCESS-0006,ONT-01593
ACCESS-0006,ONT-01665
ACCESS-0006,ONT-01761
ACCESS-0006,ONT-01836
ACCESS-0006,ONT-01967
ACCESS-0006,ONT-02075
ACCESS-0006,ONT-02114
ACCESS-0006,ONT-02309
ACCESS-0006,ONT-02323
ACCESS-0006,ONT-02368
ACCESS-0006,ONT-02384
ACCESS-0006,ONT-02436
ACCESS-0006,ONT-02545
ACCESS-0006,ONT-02565
ACCESS-0006,ONT-02679
ACCESS-0006,ONT-02690
ACCESS-0006,ONT-02787
ACCESS-0006,ONT-02817
ACCESS-0006,ONT-02930
ACCESS-0006,ONT-02959
ACCESS-0007,ONT-00055
ACCESS-0007,ONT-00079
ACCESS-0007,ONT-00159
ACCESS-0007,ONT-00228
ACCESS-0007,ONT-00235
ACCESS-0007,ONT-00423
ACCESS-0007,ONT-00787
ACCESS-0007,ONT-00827
ACCESS-0007,ONT-00976
ACCESS-0007,ONT-01054
ACCESS-0007,ONT-01141
ACCESS-0007,ONT-01500
ACCESS-0007,ONT-01558
ACCESS-0007,ONT-01579
ACCESS-0007,ONT-01750
ACCESS-0007,ONT-01834
ACCESS-0007,ONT-01865
ACCESS-0007,ONT-01895
ACCESS-0007,ONT-01983
ACCESS-0007,ONT-02023
ACCESS-0007,ONT-02036
ACCESS-0007,ONT-02361
ACCESS-0007,ONT-02553
ACCESS-0007,ONT-02584
ACCESS-0007,ONT-02795
ACCESS-0008,ONT-00147
ACCESS-0008,ONT-00270
ACCESS-0008,ONT-00405
ACCESS-0008,ONT-00464
ACCESS-0008,ONT-00568
ACCESS-0008,ONT-00675
ACCESS-0008,ONT-00680
ACCESS-0008,ONT-00956
ACCESS-0008,ONT-01013
ACCESS-0008,ONT-01039
ACCESS-0008,ONT-01046
ACCESS-0008,ONT-01328
ACCESS-0008,ONT-01669
ACCESS-0008,ONT-01861
ACCESS-0008,ONT-01863
ACCESS-0008,ONT-01877
ACCESS-0008,ONT-02112
ACCESS-0008,ONT-02148
ACCESS-0008,ONT-02244
ACCESS-0008,ONT-02342
ACCESS-0008,ONT-02397
ACCESS-0008,ONT-02445
ACCESS-0008,ONT-02472
ACCESS-0008,ONT-02507
ACCESS-0008,ONT-02696
ACCESS-0008,ONT-02797
ACCESS-0008,ONT-02905
ACCESS-0009,ONT-00023
ACCESS-0009,ONT-00031
ACCESS-0009,ONT-00101
ACCESS-0009,ONT-00102
ACCESS-0009,ONT-00185
ACCESS-0009,ONT-00230
ACCESS-0009,ONT-00412
ACCESS-0009,ONT-00515
ACCESS-0009,ONT-00553
ACCESS-0009,ONT-00780
ACCESS-0009,ONT-01137
ACCESS-0009,ONT-01222
ACCESS-0009,ONT-01382
ACCESS-0009,ONT-01552
ACCESS-0009,ONT-01679
ACCESS-0009,ONT-01757
ACCESS-0009,ONT-01818
ACCESS-0009,ONT-01859
ACCESS-0009,ONT-02303
ACCESS-0009,ONT-02403
ACCESS-0009,ONT-02409
ACCESS-0009,ONT-02589
ACCESS-0009,ONT-02800
ACCESS-0009,ONT-02810
ACCESS-0009,ONT-02829
ACCESS-0009,ONT-02884
ACCESS-0009,ONT-02914
ACCESS-0009,ONT-02958
ACCESS-0009,ONT-02960
ACCESS-0010,ONT-00037
ACCESS-0010,ONT-00224
ACCESS-0010,ONT-00325
ACCESS-0010,ONT-00372
ACCESS-0010,ONT-00435
ACCESS-0010,ONT-00487
ACCESS-0010,ONT-00523
ACCESS-0010,ONT-00561
ACCESS-0010,ONT-00610
ACCESS-0010,ONT-00688
ACCESS-0010,ONT-00830
ACCESS-0010,ONT-00847
ACCESS-0010,ONT-01032
ACCESS-0010,ONT-01118
ACCESS-0010,ONT-01379
ACCESS-0010,ONT-01401
ACCESS-0010,ONT-01450
ACCESS-0010,ONT-01795
ACCESS-0010,ONT-01837
ACCESS-0010,ONT-01860
ACCESS-0010,ONT-01953
ACCESS-0010,ONT-02022
ACCESS-0010,ONT-02144
ACCESS-0010,ONT-02413
ACCESS-0010,ONT-02426
ACCESS-0010,ONT-02450
ACCESS-0010,ONT-02556
ACCESS-0010,ONT-02676
ACCESS-0010,ONT-02737
ACCESS-0011,ONT-00022
ACCESS-0011,ONT-00200
ACCESS-0011,ONT-00242
ACCESS-0011,ONT-00243
ACCESS-0011,ONT-00315
ACCESS-0011,ONT-00744
ACCESS-0011,ONT-00829
ACCESS-0011,ONT-00933
ACCESS-0011,ONT-01168
ACCESS-0011,ONT-01242
ACCESS-0011,ONT-01249
ACCESS-0011,ONT-01323
ACCESS-0011,ONT-01341
ACCESS-0011,ONT-01383
ACCESS-0011,ONT-01394
ACCESS-0011,ONT-01477
ACCESS-0011,ONT-01538
ACCESS-0011,ONT-01610
ACCESS-0011,ONT-01668
ACCESS-0011,ONT-01752
ACCESS-0011,ONT-01941
ACCESS-0011,ONT-02046
ACCESS-0011,ONT-02210
ACCESS-0011,ONT-02269
ACCESS-0011,ONT-02321
ACCESS-0011,ONT-02415
ACCESS-0011,ONT-02653
ACCESS-0011,ONT-02698
ACCESS-0011,ONT-02721
ACCESS-0011,ONT-02751
ACCESS-0011,ONT-02899
ACCESS-0011,ONT-02913
ACCESS-0011,ONT-02921
ACCESS-0011,ONT-02923
ACCESS-0012,ONT-00162
ACCESS-0012,ONT-00246
ACCESS-0012,ONT-00399
ACCESS-0012,ONT-00440
ACCESS-0012,ONT-00533
ACCESS-0012,ONT-00573
ACCESS-0012,ONT-00581
ACCESS-0012,ONT-00645
ACCESS-0012,ONT-00734
ACCESS-0012,ONT-00862
ACCESS-0012,ONT-00910
ACCESS-0012,ONT-00955
ACCESS-0012,ONT-01057
ACCESS-0012,ONT-01160
ACCESS-0012,ONT-01218
ACCESS-0012,ONT-01229
ACCESS-0012,ONT-01266
ACCESS-0012,ONT-01363
ACCESS-0012,ONT-01581
ACCESS-0012,ONT-01648
ACCESS-0012,ONT-01689
ACCESS-0012,ONT-01723
ACCESS-0012,ONT-01772
ACCESS-0012,ONT-01782
ACCESS-0012,ONT-01898
ACCESS-0012,ONT-01985
ACCESS-0012,ONT-02224
ACCESS-0012,ONT-02428
ACCESS-0012,ONT-02533
ACCESS-0012,ONT-02599
ACCESS-0012,ONT-02855
ACCESS-0012,ONT-02936
ACCESS-0013,ONT-00057
ACCESS-0013,ONT-00119
ACCESS-0013,ONT-00155
ACCESS-0013,ONT-00227
ACCESS-0013,ONT-00430
ACCESS-0013,ONT-00693
ACCESS-0013,ONT-00791
ACCESS-0013,ONT-00911
ACCESS-0013,ONT-00951
ACCESS-0013,ONT-01019
ACCESS-0013,ONT-01024
ACCESS-0013,ONT-01059
ACCESS-0013,ONT-01174
ACCESS-0013,ONT-01194
ACCESS-0013,ONT-01294
ACCESS-0013,ONT-01300
ACCESS-0013,ONT-01438
ACCESS-0013,ONT-01580
ACCESS-0013,ONT-01799
ACCESS-0013,ONT-01868
ACCESS-0013,ONT-01872
ACCESS-0013,ONT-02241
ACCESS-0013,ONT-02255
ACCESS-0013,ONT-02291
ACCESS-0013,ONT-02370
ACCESS-0013,ONT-02390
ACCESS-0013,ONT-02495
ACCESS-0013,ONT-02543
ACCESS-0013,ONT-02560
ACCESS-0013,ONT-02730
ACCESS-0013,ONT-02773
ACCESS-0013,ONT-02895
ACCESS-0013,ONT-02954
ACCESS-0014,ONT-00009
ACCESS-0014,ONT-00039
ACCESS-0014,ONT-00105
ACCESS-0014,ONT-00203
ACCESS-0014,ONT-00222
ACCESS-0014,ONT-00244
ACCESS-0014,ONT-00260
ACCESS-0014,ONT-00316
ACCESS-0014,ONT-00348
ACCESS-0014,ONT-00414
ACCESS-0014,ONT-00508
ACCESS-0014,ONT-00586
ACCESS-0014,ONT-00773
ACCESS-0014,ONT-00844
ACCESS-0014,ONT-01023
ACCESS-0014,ONT-01027
ACCESS-0014,ONT-01036
ACCESS-0014,ONT-01251
ACCESS-0014,ONT-01255
ACCESS-0014,ONT-01402
ACCESS-0014,ONT-01548
ACCESS-0014,ONT-01660
ACCESS-0014,ONT-01882
ACCESS-0014,ONT-01886
ACCESS-0014,ONT-01906
ACCESS-0014,ONT-02185
ACCESS-0014,ONT-02237
ACCESS-0014,ONT-02400
ACCESS-0014,ONT-02447
ACCESS-0014,ONT-02451
ACCESS-0014,ONT-02517
ACCESS-0014,ONT-02564
ACCESS-0014,ONT-02687
ACCESS-0014,ONT-02753
ACCESS-0014,ONT-02908
ACCESS-0015,ONT-00006
ACCESS-0015,ONT-00020
ACCESS-0015,ONT-00146
ACCESS-0015,ONT-00284
ACCESS-0015,ONT-00554
ACCESS-0015,ONT-00729
ACCESS-0015,ONT-00897
ACCESS-0015,ONT-01009
ACCESS-0015,ONT-01030
ACCESS-0015,ONT-01182
ACCESS-0015,ONT-01234
ACCESS-0015,ONT-01288
ACCESS-0015,ONT-01334
ACCESS-0015,ONT-01347
ACCESS-0015,ONT-01366
ACCESS-0015,ONT-01375
ACCESS-0015,ONT-01599
ACCESS-0015,ONT-02059
ACCESS-0015,ONT-02180
ACCESS-0015,ONT-02189
ACCESS-0015,ONT-02573
ACCESS-0015,ONT-02631
ACCESS-0016,ONT-00268
ACCESS-0016,ONT-00290
ACCESS-0016,ONT-00311
ACCESS-0016,ONT-00425
ACCESS-0016,ONT-00659
ACCESS-0016,ONT-00666
ACCESS-0016,ONT-00709
ACCESS-0016,ONT-00814
ACCESS-0016,ONT-00944
ACCESS-0016,ONT-01191
ACCESS-0016,ONT-01263
ACCESS-0016,ONT-01276
ACCESS-0016,ONT-01371
ACCESS-0016,ONT-01470
ACCESS-0016,ONT-01543
ACCESS-0016,ONT-01596
ACCESS-0016,ONT-01731
ACCESS-0016,ONT-01867
ACCESS-0016,ONT-01932
ACCESS-0016,ONT-01942
ACCESS-0016,ONT-01962
ACCESS-0016,ONT-01970
ACCESS-0016,ONT-02250
ACCESS-0016,ONT-02271
ACCESS-0016,ONT-02641
ACCESS-0016,ONT-02882
ACCESS-0016,ONT-02962
ACCESS-0017,ONT-00051
ACCESS-0017,ONT-00234
ACCESS-0017,ONT-00275
ACCESS-0017,ONT-00339
ACCESS-0017,ONT-00509
ACCESS-0017,ONT-00556
ACCESS-0017,ONT-00616
ACCESS-0017,ONT-00624
ACCESS-0017,ONT-00626
ACCESS-0017,ONT-00817
ACCESS-0017,ONT-00876
ACCESS-0017,ONT-00977
ACCESS-0017,ONT-00984
ACCESS-0017,ONT-01058
ACCESS-0017,ONT-01066
ACCESS-0017,ONT-01089
ACCESS-0017,ONT-01095
ACCESS-0017,ONT-01108
ACCESS-0017,ONT-01311
ACCESS-0017,ONT-01463
ACCESS-0017,ONT-01518
ACCESS-0017,ONT-01595
ACCESS-0017,ONT-01712
ACCESS-0017,ONT-01773
ACCESS-0017,ONT-01786
ACCESS-0017,ONT-01852
ACCESS-0017,ONT-01889
ACCESS-0017,ONT-01919
ACCESS-0017,ONT-01933
ACCESS-0017,ONT-01988
ACCESS-0017,ONT-01990
ACCESS-0017,ONT-02042
ACCESS-0017,ONT-02084
ACCESS-0017,ONT-02228
ACCESS-0017,ONT-02229
ACCESS-0017,ONT-02341
ACCESS-0017,ONT-02486
ACCESS-0017,ONT-02769
ACCESS-0017,ONT-02833
ACCESS-0017,ONT-02853
ACCESS-0017,ONT-02956
ACCESS-0018,ONT-00072
ACCESS-0018,ONT-00161
ACCESS-0018,ONT-00342
ACCESS-0018,ONT-00541
ACCESS-0018,ONT-00544
ACCESS-0018,ONT-00608
ACCESS-0018,ONT-00678
ACCESS-0018,ONT-00743
ACCESS-0018,ONT-01202
ACCESS-0018,ONT-01314
ACCESS-0018,ONT-01354
ACCESS-0018,ONT-01453
ACCESS-0018,ONT-01469
ACCESS-0018,ONT-01474
ACCESS-0018,ONT-01714
ACCESS-0018,ONT-01934
ACCESS-0018,ONT-01945
ACCESS-0018,ONT-01968
ACCESS-0018,ONT-02002
ACCESS-0018,ONT-02141
ACCESS-0018,ONT-02170
ACCESS-0018,ONT-02336
ACCESS-0018,ONT-02369
ACCESS-0018,ONT-02611
ACCESS-0018,ONT-02933
ACCESS-0019,ONT-00099
ACCESS-0019,ONT-00321
ACCESS-0019,ONT-00327
ACCESS-0019,ONT-00354
ACCESS-0019,ONT-00400
ACCESS-0019,ONT-00419
ACCESS-0019,ONT-00524
ACCESS-0019,ONT-00565
ACCESS-0019,ONT-00591
ACCESS-0019,ONT-00839
ACCESS-0019,ONT-00901
ACCESS-0019,ONT-01011
ACCESS-0019,ONT-01018
ACCESS-0019,ONT-01083
ACCESS-0019,ONT-01091
ACCESS-0019,ONT-01117
ACCESS-0019,ONT-01318
ACCESS-0019,ONT-01392
ACCESS-0019,ONT-01400
ACCESS-0019,ONT-01427
ACCESS-0019,ONT-01560
ACCESS-0019,ONT-01569
ACCESS-0019,ONT-01815
ACCESS-0019,ONT-01921
ACCESS-0019,ONT-02126
ACCESS-0019,ONT-02167
ACCESS-0019,ONT-02208
ACCESS-0019,ONT-02328
ACCESS-0019,ONT-02485
ACCESS-0019,ONT-02581
ACCESS-0019,ONT-02763
ACCESS-0019,ONT-02828
ACCESS-0019,ONT-02920
ACCESS-0019,ONT-02922
ACCESS-0019,ONT-02948
ACCESS-0020,ONT-00013
ACCESS-0020,ONT-00021
ACCESS-0020,ONT-00130
ACCESS-0020,ONT-00145
ACCESS-0020,ONT-00191
ACCESS-0020,ONT-00286
ACCESS-0020,ONT-00288
ACCESS-0020,ONT-00291
ACCESS-0020,ONT-00441
ACCESS-0020,ONT-00469
ACCESS-0020,ONT-00531
ACCESS-0020,ONT-00652
ACCESS-0020,ONT-00656
ACCESS-0020,ONT-00748
ACCESS-0020,ONT-00807
ACCESS-0020,ONT-01071
ACCESS-0020,ONT-01293
ACCESS-0020,ONT-01630
ACCESS-0020,ONT-01645
ACCESS-0020,ONT-01724
ACCESS-0020,ONT-01926
ACCESS-0020,ONT-02089
ACCESS-0020,ONT-02102
ACCESS-0020,ONT-02107
ACCESS-0020,ONT-02153
ACCESS-0020,ONT-02281
ACCESS-0020,ONT-02339
ACCESS-0020,ONT-02346
ACCESS-0020,ONT-02634
ACCESS-0020,ONT-02639
ACCESS-0020,ONT-02700
ACCESS-0020,ONT-02760
ACCESS-0020,ONT-02822
ACCESS-0020,ONT-02859
ACCESS-0020,ONT-02909
ACCESS-0021,ONT-00112
ACCESS-0021,ONT-00212
ACCESS-0021,ONT-00420
ACCESS-0021,ONT-00496
ACCESS-0021,ONT-00684
ACCESS-0021,ONT-00740
ACCESS-0021,ONT-00761
ACCESS-0021,ONT-00806
ACCESS-0021,ONT-00842
ACCESS-0021,ONT-00880
ACCESS-0021,ONT-00928
ACCESS-0021,ONT-00965
ACCESS-0021,ONT-00980
ACCESS-0021,ONT-00986
ACCESS-0021,ONT-01166
ACCESS-0021,ONT-01436
ACCESS-0021,ONT-01459
ACCESS-0021,ONT-01471
ACCESS-0021,ONT-01482
ACCESS-0021,ONT-01638
ACCESS-0021,ONT-01657
ACCESS-0021,ONT-01666
ACCESS-0021,ONT-01870
ACCESS-0021,ONT-01912
ACCESS-0021,ONT-02060
ACCESS-0021,ONT-02219
ACCESS-0021,ONT-02227
ACCESS-0021,ONT-02498
ACCESS-0021,ONT-02615
ACCESS-0021,ONT-02638
ACCESS-0021,ONT-02818
ACCESS-0022,ONT-00253
ACCESS-0022,ONT-00340
ACCESS-0022,ONT-00632
ACCESS-0022,ONT-00738
ACCESS-0022,ONT-00894
ACCESS-0022,ONT-00939
ACCESS-0022,ONT-01211
ACCESS-0022,ONT-01233
ACCESS-0022,ONT-01272
ACCESS-0022,ONT-01284
ACCESS-0022,ONT-01381
ACCESS-0022,ONT-01399
ACCESS-0022,ONT-01507
ACCESS-0022,ONT-01615
ACCESS-0022,ONT-01753
ACCESS-0022,ONT-01770
ACCESS-0022,ONT-01779
ACCESS-0022,ONT-02029
ACCESS-0022,ONT-02056
ACCESS-0022,ONT-02128
ACCESS-0022,ONT-02423
ACCESS-0022,ONT-02500
ACCESS-0022,ONT-02742
ACCESS-0022,ONT-02761
ACCESS-0022,ONT-02777
ACCESS-0022,ONT-02809
ACCESS-0022,ONT-02834
ACCESS-0022,ONT-02974
ACCESS-0023,ONT-00005
ACCESS-0023,ONT-00008
ACCESS-0023,ONT-00047
ACCESS-0023,ONT-00085
ACCESS-0023,ONT-00219
ACCESS-0023,ONT-00406
ACCESS-0023,ONT-00479
ACCESS-0023,ONT-00495
ACCESS-0023,ONT-00615
ACCESS-0023,ONT-00875
ACCESS-0023,ONT-00879
ACCESS-0023,ONT-00975
ACCESS-0023,ONT-01200
ACCESS-0023,ONT-01239
ACCESS-0023,ONT-01240
ACCESS-0023,ONT-01342
ACCESS-0023,ONT-01422
ACCESS-0023,ONT-01425
ACCESS-0023,ONT-01532
ACCESS-0023,ONT-01573
ACCESS-0023,ONT-01695
ACCESS-0023,ONT-01699
ACCESS-0023,ONT-01704
ACCESS-0023,ONT-01758
ACCESS-0023,ONT-01808
ACCESS-0023,ONT-01814
ACCESS-0023,ONT-01846
ACCESS-0023,ONT-01993
ACCESS-0023,ONT-02096
ACCESS-0023,ONT-02117
ACCESS-0023,ONT-02159
ACCESS-0023,ONT-02216
ACCESS-0023,ONT-02395
ACCESS-0023,ONT-02416
ACCESS-0023,ONT-02471
ACCESS-0023,ONT-02683
ACCESS-0023,ONT-02691
ACCESS-0023,ONT-02708
ACCESS-0023,ONT-02732
ACCESS-0023,ONT-02741
ACCESS-0023,ONT-02947
ACCESS-0024,ONT-00166
ACCESS-0024,ONT-00277
ACCESS-0024,ONT-00330
ACCESS-0024,ONT-00349
ACCESS-0024,ONT-00507
ACCESS-0024,ONT-00538
ACCESS-0024,ONT-00639
ACCESS-0024,ONT-00647
ACCESS-0024,ONT-00800
ACCESS-0024,ONT-00833
ACCESS-0024,ONT-00851
ACCESS-0024,ONT-00874
ACCESS-0024,ONT-00925
ACCESS-0024,ONT-00932
ACCESS-0024,ONT-01107
ACCESS-0024,ONT-01805
ACCESS-0024,ONT-01820
ACCESS-0024,ONT-01881
ACCESS-0024,ONT-01887
ACCESS-0024,ONT-01923
ACCESS-0024,ONT-01935
ACCESS-0024,ONT-01980
ACCESS-0024,ONT-02103
ACCESS-0024,ONT-02245
ACCESS-0024,ONT-02357
ACCESS-0024,ONT-02711
ACCESS-0024,ONT-02857
ACCESS-0025,ONT-00087
ACCESS-0025,ONT-00389
ACCESS-0025,ONT-00454
ACCESS-0025,ONT-00755
ACCESS-0025,ONT-00818
ACCESS-0025,ONT-00891
ACCESS-0025,ONT-01114
ACCESS-0025,ONT-01129
ACCESS-0025,ONT-01158
ACCESS-0025,ONT-01167
ACCESS-0025,ONT-01189
ACCESS-0025,ONT-01675
ACCESS-0025,ONT-01822
ACCESS-0025,ONT-01845
ACCESS-0025,ONT-01905
ACCESS-0025,ONT-02297
ACCESS-0025,ONT-02396
ACCESS-0025,ONT-02480
ACCESS-0025,ONT-02597
ACCESS-0025,ONT-02656
ACCESS-0025,ONT-02767
ACCESS-0025,ONT-02790
ACCESS-0025,ONT-02816
ACCESS-0025,ONT-02889
ACCESS-0026,ONT-00068
ACCESS-0026,ONT-00322
ACCESS-0026,ONT-00433
ACCESS-0026,ONT-00434
ACCESS-0026,ONT-00447
ACCESS-0026,ONT-00527
ACCESS-0026,ONT-00550
ACCESS-0026,ONT-00576
ACCESS-0026,ONT-00714
ACCESS-0026,ONT-00747
ACCESS-0026,ONT-00824
ACCESS-0026,ONT-00840
ACCESS-0026,ONT-00923
ACCESS-0026,ONT-00931
ACCESS-0026,ONT-01055
ACCESS-0026,ONT-01064
ACCESS-0026,ONT-01365
ACCESS-0026,ONT-01678
ACCESS-0026,ONT-01684
ACCESS-0026,ONT-01705
ACCESS-0026,ONT-01958
ACCESS-0026,ONT-02092
ACCESS-0026,ONT-02123
ACCESS-0026,ONT-02214
ACCESS-0026,ONT-02310
ACCESS-0026,ONT-02650
ACCESS-0026,ONT-02670
ACCESS-0026,ONT-02765
ACCESS-0026,ONT-02851
ACCESS-0026,ONT-02856
ACCESS-0026,ONT-02861
ACCESS-0026,ONT-02866
ACCESS-0026,ONT-02873
ACCESS-0026,ONT-02998
ACCESS-0027,ONT-00148
ACCESS-0027,ONT-00153
ACCESS-0027,ONT-00421
ACCESS-0027,ONT-00488
ACCESS-0027,ONT-00536
ACCESS-0027,ONT-00601
ACCESS-0027,ONT-00650
ACCESS-0027,ONT-00804
ACCESS-0027,ONT-00904
ACCESS-0027,ONT-00982
ACCESS-0027,ONT-01076
ACCESS-0027,ONT-01096
ACCESS-0027,ONT-01201
ACCESS-0027,ONT-01441
ACCESS-0027,ONT-01492
ACCESS-0027,ONT-01597
ACCESS-0027,ONT-01713
ACCESS-0027,ONT-01930
ACCESS-0027,ONT-02026
ACCESS-0027,ONT-02251
ACCESS-0027,ONT-02326
ACCESS-0027,ONT-02424
ACCESS-0027,ONT-02477
ACCESS-0027,ONT-02508
ACCESS-0027,ONT-02617
ACCESS-0027,ONT-02823
ACCESS-0027,ONT-02937
ACCESS-0027,ONT-02980
ACCESS-0028,ONT-00107
ACCESS-0028,ONT-00137
ACCESS-0028,ONT-00206
ACCESS-0028,ONT-00208
ACCESS-0028,ONT-00379
ACCESS-0028,ONT-00457
ACCESS-0028,ONT-00512
ACCESS-0028,ONT-01070
ACCESS-0028,ONT-01092
ACCESS-0028,ONT-01169
ACCESS-0028,ONT-01227
ACCESS-0028,ONT-01415
ACCESS-0028,ONT-01420
ACCESS-0028,ONT-01432
ACCESS-0028,ONT-01650
ACCESS-0028,ONT-01963
ACCESS-0028,ONT-02034
ACCESS-0028,ONT-02338
ACCESS-0028,ONT-02430
ACCESS-0028,ONT-02516
ACCESS-0028,ONT-02649
ACCESS-0028,ONT-02651
ACCESS-0028,ONT-02791
ACCESS-0029,ONT-00044
ACCESS-0029,ONT-00165
ACCESS-0029,ONT-00193
ACCESS-0029,ONT-00436
ACCESS-0029,ONT-00498
ACCESS-0029,ONT-00673
ACCESS-0029,ONT-00700
ACCESS-0029,ONT-00730
ACCESS-0029,ONT-00774
ACCESS-0029,ONT-00885
ACCESS-0029,ONT-00954
ACCESS-0029,ONT-01047
ACCESS-0029,ONT-01125
ACCESS-0029,ONT-01198
ACCESS-0029,ONT-01299
ACCESS-0029,ONT-01309
ACCESS-0029,ONT-01466
ACCESS-0029,ONT-01498
ACCESS-0029,ONT-01508
ACCESS-0029,ONT-01523
ACCESS-0029,ONT-01570
ACCESS-0029,ONT-01634
ACCESS-0029,ONT-01652
ACCESS-0029,ONT-01673
ACCESS-0029,ONT-01725
ACCESS-0029,ONT-01899
ACCESS-0029,ONT-02039
ACCESS-0029,ONT-02164
ACCESS-0029,ONT-02372
ACCESS-0029,ONT-02463
ACCESS-0029,ONT-02717
ACCESS-0029,ONT-02924
ACCESS-0029,ONT-02950
ACCESS-0030,ONT-00000
ACCESS-0030,ONT-00024
ACCESS-0030,ONT-00041
ACCESS-0030,ONT-00319
ACCESS-0030,ONT-00320
ACCESS-0030,ONT-00346
ACCESS-0030,ONT-00497
ACCESS-0030,ONT-00522
ACCESS-0030,ONT-00889
ACCESS-0030,ONT-01007
ACCESS-0030,ONT-01190
ACCESS-0030,ONT-01301
ACCESS-0030,ONT-01698
ACCESS-0030,ONT-01722
ACCESS-0030,ONT-01728
ACCESS-0030,ONT-01774
ACCESS-0030,ONT-01949
ACCESS-0030,ONT-02035
ACCESS-0030,ONT-02104
ACCESS-0030,ONT-02312
ACCESS-0030,ONT-02345
ACCESS-0030,ONT-02367
ACCESS-0030,ONT-02467
ACCESS-0030,ONT-02501
ACCESS-0030,ONT-02536
ACCESS-0030,ONT-02614
ACCESS-0030,ONT-02637
ACCESS-0030,ONT-02720
ACCESS-0030,ONT-02849
ACCESS-0031,ONT-00168
ACCESS-0031,ONT-00445
ACCESS-0031,ONT-00667
ACCESS-0031,ONT-00832
ACCESS-0031,ONT-00900
ACCESS-0031,ONT-00943
ACCESS-0031,ONT-01026
ACCESS-0031,ONT-01042
ACCESS-0031,ONT-01261
ACCESS-0031,ONT-01267
ACCESS-0031,ONT-01268
ACCESS-0031,ONT-01719
ACCESS-0031,ONT-01884
ACCESS-0031,ONT-01978
ACCESS-0031,ONT-02045
ACCESS-0031,ONT-02068
ACCESS-0031,ONT-02083
ACCESS-0031,ONT-02093
ACCESS-0031,ONT-02350
ACCESS-0031,ONT-02352
ACCESS-0031,ONT-02417
ACCESS-0031,ONT-02440
ACCESS-0031,ONT-02569
ACCESS-0031,ONT-02580
ACCESS-0031,ONT-02606
ACCESS-0031,ONT-02648
ACCESS-0031,ONT-02652
ACCESS-0031,ONT-02718
ACCESS-0031,ONT-02988
ACCESS-0031,ONT-02992
ACCESS-0032,ONT-00052
ACCESS-0032,ONT-00272
ACCESS-0032,ONT-00369
ACCESS-0032,ONT-00395
ACCESS-0032,ONT-00402
ACCESS-0032,ONT-00764
ACCESS-0032,ONT-00886
ACCESS-0032,ONT-00948
ACCESS-0032,ONT-00978
ACCESS-0032,ONT-01033
ACCESS-0032,ONT-01412
ACCESS-0032,ONT-01627
ACCESS-0032,ONT-01756
ACCESS-0032,ONT-01776
ACCESS-0032,ONT-01787
ACCESS-0032,ONT-01901
ACCESS-0032,ONT-01943
ACCESS-0032,ONT-02021
ACCESS-0032,ONT-02202
ACCESS-0032,ONT-02253
ACCESS-0032,ONT-02277
ACCESS-0032,ONT-02381
ACCESS-0032,ONT-02411
ACCESS-0032,ONT-02645
ACCESS-0032,ONT-02780
ACCESS-0032,ONT-02792
ACCESS-0032,ONT-02864
ACCESS-0032,ONT-02979
ACCESS-0033,ONT-00126
ACCESS-0033,ONT-00183
ACCESS-0033,ONT-00190
ACCESS-0033,ONT-00378
ACCESS-0033,ONT-00380
ACCESS-0033,ONT-00459
ACCESS-0033,ONT-00510
ACCESS-0033,ONT-00702
ACCESS-0033,ONT-00749
ACCESS-0033,ONT-00760
ACCESS-0033,ONT-00785
ACCESS-0033,ONT-00820
ACCESS-0033,ONT-00823
ACCESS-0033,ONT-00853
ACCESS-0033,ONT-00959
ACCESS-0033,ONT-00997
ACCESS-0033,ONT-01164
ACCESS-0033,ONT-01179
ACCESS-0033,ONT-01205
ACCESS-0033,ONT-01209
ACCESS-0033,ONT-01588
ACCESS-0033,ONT-01592
ACCESS-0033,ONT-01670
ACCESS-0033,ONT-01709
ACCESS-0033,ONT-01816
ACCESS-0033,ONT-01975
ACCESS-0033,ONT-02187
ACCESS-0033,ONT-02286
ACCESS-0033,ONT-02374
ACCESS-0033,ONT-02385
ACCESS-0033,ONT-02662
ACCESS-0033,ONT-02682
ACCESS-0033,ONT-02752
ACCESS-0033,ONT-02825
ACCESS-0034,ONT-00195
ACCESS-0034,ONT-00217
ACCESS-0034,ONT-00312
ACCESS-0034,ONT-00732
ACCESS-0034,ONT-00781
ACCESS-0034,ONT-00916
ACCESS-0034,ONT-00985
ACCESS-0034,ONT-01017
ACCESS-0034,ONT-01128
ACCESS-0034,ONT-01235
ACCESS-0034,ONT-01246
ACCESS-0034,ONT-01332
ACCESS-0034,ONT-01409
ACCESS-0034,ONT-01443
ACCESS-0034,ONT-01484
ACCESS-0034,ONT-01494
ACCESS-0034,ONT-01544
ACCESS-0034,ONT-01612
ACCESS-0034,ONT-01619
ACCESS-0034,ONT-01828
ACCESS-0034,ONT-02066
ACCESS-0034,ONT-02172
ACCESS-0034,ONT-02217
ACCESS-0034,ONT-02316
ACCESS-0034,ONT-02364
ACCESS-0034,ONT-02555
ACCESS-0034,ONT-02562
ACCESS-0034,ONT-02678
ACCESS-0034,ONT-02750
ACCESS-0034,ONT-02984
ACCESS-0035,ONT-00073
ACCESS-0035,ONT-00216
ACCESS-0035,ONT-00329
ACCESS-0035,ONT-00499
ACCESS-0035,ONT-00878
ACCESS-0035,ONT-00996
ACCESS-0035,ONT-01079
ACCESS-0035,ONT-01131
ACCESS-0035,ONT-01226
ACCESS-0035,ONT-01265
ACCESS-0035,ONT-01298
ACCESS-0035,ONT-01319
ACCESS-0035,ONT-01330
ACCESS-0035,ONT-01408
ACCESS-0035,ONT-01413
ACCESS-0035,ONT-01493
ACCESS-0035,ONT-01760
ACCESS-0035,ONT-01849
ACCESS-0035,ONT-02243
ACCESS-0035,ONT-02288
ACCESS-0035,ONT-02464
ACCESS-0035,ONT-02499
ACCESS-0035,ONT-02616
ACCESS-0035,ONT-02812
ACCESS-0035,ONT-02901
ACCESS-0035,ONT-02987
ACCESS-0036,ONT-00019
ACCESS-0036,ONT-00108
ACCESS-0036,ONT-00150
ACCESS-0036,ONT-00280
ACCESS-0036,ONT-00411
ACCESS-0036,ONT-00466
ACCESS-0036,ONT-00539
ACCESS-0036,ONT-00579
ACCESS-0036,ONT-00625
ACCESS-0036,ONT-00990
ACCESS-0036,ONT-01135
ACCESS-0036,ONT-01248
ACCESS-0036,ONT-01377
ACCESS-0036,ONT-01378
ACCESS-0036,ONT-01576
ACCESS-0036,ONT-01587
ACCESS-0036,ONT-01601
ACCESS-0036,ONT-01651
ACCESS-0036,ONT-01806
ACCESS-0036,ONT-02192
ACCESS-0036,ONT-02280
ACCESS-0036,ONT-02282
ACCESS-0036,ONT-02283
ACCESS-0036,ONT-02294
ACCESS-0036,ONT-02349
ACCESS-0036,ONT-02547
ACCESS-0036,ONT-02807
ACCESS-0036,ONT-02852
ACCESS-0036,ONT-02860
ACCESS-0036,ONT-02910
ACCESS-0037,ONT-00090
ACCESS-0037,ONT-00128
ACCESS-0037,ONT-00256
ACCESS-0037,ONT-00590
ACCESS-0037,ONT-00640
ACCESS-0037,ONT-00719
ACCESS-0037,ONT-00722
ACCESS-0037,ONT-00724
ACCESS-0037,ONT-00957
ACCESS-0037,ONT-00971
ACCESS-0037,ONT-01062
ACCESS-0037,ONT-01410
ACCESS-0037,ONT-01435
ACCESS-0037,ONT-01440
ACCESS-0037,ONT-01513
ACCESS-0037,ONT-01727
ACCESS-0037,ONT-01737
ACCESS-0037,ONT-01807
ACCESS-0037,ONT-01829
ACCESS-0037,ONT-01869
ACCESS-0037,ONT-02100
ACCESS-0037,ONT-02108
ACCESS-0037,ONT-02231
ACCESS-0037,ONT-02274
ACCESS-0037,ONT-02429
ACCESS-0037,ONT-02528
ACCESS-0037,ONT-02744
ACCESS-0037,ONT-02944
ACCESS-0038,ONT-00098
ACCESS-0038,ONT-00310
ACCESS-0038,ONT-00337
ACCESS-0038,ONT-00363
ACCESS-0038,ONT-00676
ACCESS-0038,ONT-00786
ACCESS-0038,ONT-01041
ACCESS-0038,ONT-01105
ACCESS-0038,ONT-01120
ACCESS-0038,ONT-01134
ACCESS-0038,ONT-01147
ACCESS-0038,ONT-01317
ACCESS-0038,ONT-01344
ACCESS-0038,ONT-01352
ACCESS-0038,ONT-01433
ACCESS-0038,ONT-01451
ACCESS-0038,ONT-01521
ACCESS-0038,ONT-01535
ACCESS-0038,ONT-01686
ACCESS-0038,ONT-01790
ACCESS-0038,ONT-01948
ACCESS-0038,ONT-01966
ACCESS-0038,ONT-02095
ACCESS-0038,ONT-02520
ACCESS-0038,ONT-02626
ACCESS-0038,ONT-02635
ACCESS-0038,ONT-02832
ACCESS-0038,ONT-02839
ACCESS-0039,ONT-00053
ACCESS-0039,ONT-00138
ACCESS-0039,ONT-00173
ACCESS-0039,ONT-00209
ACCESS-0039,ONT-00388
ACCESS-0039,ONT-00549
ACCESS-0039,ONT-00677
ACCESS-0039,ONT-00835
ACCESS-0039,ONT-00912
ACCESS-0039,ONT-00960
ACCESS-0039,ONT-01148
ACCESS-0039,ONT-01186
ACCESS-0039,ONT-01221
ACCESS-0039,ONT-01306
ACCESS-0039,ONT-01351
ACCESS-0039,ONT-01444
ACCESS-0039,ONT-01578
ACCESS-0039,ONT-01840
ACCESS-0039,ONT-01875
ACCESS-0039,ONT-02138
ACCESS-0039,ONT-02158
ACCESS-0039,ONT-02263
ACCESS-0039,ONT-02373
ACCESS-0039,ONT-02408
ACCESS-0039,ONT-02448
ACCESS-0039,ONT-02521
ACCESS-0039,ONT-02692
ACCESS-0039,ONT-02912
ACCESS-0039,ONT-02949
ACCESS-0039,ONT-02965
ACCESS-0040,ONT-00064
ACCESS-0040,ONT-00254
ACCESS-0040,ONT-00314
ACCESS-0040,ONT-00351
ACCESS-0040,ONT-00437
ACCESS-0040,ONT-00518
ACCESS-0040,ONT-00815
ACCESS-0040,ONT-01123
ACCESS-0040,ONT-01327
ACCESS-0040,ONT-01472
ACCESS-0040,ONT-01515
ACCESS-0040,ONT-01603
ACCESS-0040,ONT-01842
ACCESS-0040,ONT-02077
ACCESS-0040,ONT-02196
ACCESS-0040,ONT-02318
ACCESS-0040,ONT-02836
ACCESS-0040,ONT-02918
ACCESS-0040,ONT-02932
ACCESS-0040,ONT-02953
ACCESS-0041,ONT-00095
ACCESS-0041,ONT-00181
ACCESS-0041,ONT-00341
ACCESS-0041,ONT-00628
ACCESS-0041,ONT-00777
ACCESS-0041,ONT-00919
ACCESS-0041,ONT-01104
ACCESS-0041,ONT-01362
ACCESS-0041,ONT-01396
ACCESS-0041,ONT-01447
ACCESS-0041,ONT-01682
ACCESS-0041,ONT-01767
ACCESS-0041,ONT-02054
ACCESS-0041,ONT-02205
ACCESS-0041,ONT-02240
ACCESS-0041,ONT-02261
ACCESS-0041,ONT-02540
ACCESS-0041,ONT-02568
ACCESS-0041,ONT-02600
ACCESS-0041,ONT-02764
ACCESS-0041,ONT-02803
ACCESS-0041,ONT-02916
ACCESS-0041,ONT-02972
ACCESS-0042,ONT-00059
ACCESS-0042,ONT-00124
ACCESS-0042,ONT-00211
ACCESS-0042,ONT-00263
ACCESS-0042,ONT-00294
ACCESS-0042,ONT-00408
ACCESS-0042,ONT-00723
ACCESS-0042,ONT-00788
ACCESS-0042,ONT-00805
ACCESS-0042,ONT-00929
ACCESS-0042,ONT-00936
ACCESS-0042,ONT-00994
ACCESS-0042,ONT-01038
ACCESS-0042,ONT-01173
ACCESS-0042,ONT-01175
ACCESS-0042,ONT-01180
ACCESS-0042,ONT-01274
ACCESS-0042,ONT-01577
ACCESS-0042,ONT-01856
ACCESS-0042,ONT-01873
ACCESS-0042,ONT-02000
ACCESS-0042,ONT-02247
ACCESS-0042,ONT-02296
ACCESS-0042,ONT-02307
ACCESS-0042,ONT-02356
ACCESS-0042,ONT-02458
ACCESS-0042,ONT-02757
ACCESS-0042,ONT-02824
ACCESS-0043,ONT-00014
ACCESS-0043,ONT-00213
ACCESS-0043,ONT-00220
ACCESS-0043,ONT-00262
ACCESS-0043,ONT-00278
ACCESS-0043,ONT-00398
ACCESS-0043,ONT-00481
ACCESS-0043,ONT-00621
ACCESS-0043,ONT-00636
ACCESS-0043,ONT-00690
ACCESS-0043,ONT-00784
ACCESS-0043,ONT-00789
ACCESS-0043,ONT-00831
ACCESS-0043,ONT-00903
ACCESS-0043,ONT-00938
ACCESS-0043,ONT-00988
ACCESS-0043,ONT-01034
ACCESS-0043,ONT-01561
ACCESS-0043,ONT-01616
ACCESS-0043,ONT-01690
ACCESS-0043,ONT-01736
ACCESS-0043,ONT-01801
ACCESS-0043,ONT-01833
ACCESS-0043,ONT-01892
ACCESS-0043,ONT-01960
ACCESS-0043,ONT-01979
ACCESS-0043,ONT-02163
ACCESS-0043,ONT-02267
ACCESS-0043,ONT-02275
ACCESS-0043,ONT-02351
ACCESS-0043,ONT-02632
ACCESS-0043,ONT-02759
ACCESS-0043,ONT-02835
ACCESS-0043,ONT-02858
ACCESS-0044,ONT-00015
ACCESS-0044,ONT-00149
ACCESS-0044,ONT-00175
ACCESS-0044,ONT-00179
ACCESS-0044,ONT-00210
ACCESS-0044,ONT-00231
ACCESS-0044,ONT-00233
ACCESS-0044,ONT-00267
ACCESS-0044,ONT-00289
ACCESS-0044,ONT-00318
ACCESS-0044,ONT-00377
ACCESS-0044,ONT-00432
ACCESS-0044,ONT-00475
ACCESS-0044,ONT-00898
ACCESS-0044,ONT-01010
ACCESS-0044,ONT-01571
ACCESS-0044,ONT-01917
ACCESS-0044,ONT-01971
ACCESS-0044,ONT-02020
ACCESS-0044,ONT-02072
ACCESS-0044,ONT-02074
ACCESS-0044,ONT-02110
ACCESS-0044,ONT-02139
ACCESS-0044,ONT-02169
ACCESS-0044,ONT-02301
ACCESS-0044,ONT-02455
ACCESS-0044,ONT-02544
ACCESS-0044,ONT-02583
ACCESS-0044,ONT-02598
ACCESS-0044,ONT-02749
ACCESS-0044,ONT-02782
ACCESS-0044,ONT-02789
ACCESS-0044,ONT-02929
ACCESS-0044,ONT-02996
ACCESS-0045,ONT-00033
ACCESS-0045,ONT-00035
ACCESS-0045,ONT-00120
ACCESS-0045,ONT-00142
ACCESS-0045,ONT-00156
ACCESS-0045,ONT-00158
ACCESS-0045,ONT-00171
ACCESS-0045,ONT-00240
ACCESS-0045,ONT-00252
ACCESS-0045,ONT-00266
ACCESS-0045,ONT-00292
ACCESS-0045,ONT-00303
ACCESS-0045,ONT-00350
ACCESS-0045,ONT-00368
ACCESS-0045,ONT-00451
ACCESS-0045,ONT-00478
ACCESS-0045,ONT-00642
ACCESS-0045,ONT-00852
ACCESS-0045,ONT-01015
ACCESS-0045,ONT-01154
ACCESS-0045,ONT-01215
ACCESS-0045,ONT-01256
ACCESS-0045,ONT-01416
ACCESS-0045,ONT-01566
ACCESS-0045,ONT-01710
ACCESS-0045,ONT-01931
ACCESS-0045,ONT-02085
ACCESS-0045,ONT-02290
ACCESS-0045,ONT-02292
ACCESS-0045,ONT-02379
ACCESS-0045,ONT-02427
ACCESS-0045,ONT-02492
ACCESS-0045,ONT-02512
ACCESS-0045,ONT-02575
ACCESS-0045,ONT-02719
ACCESS-0045,ONT-02778
ACCESS-0045,ONT-02939
ACCESS-0046,ONT-00186
ACCESS-0046,ONT-00194
ACCESS-0046,ONT-00225
ACCESS-0046,ONT-00326
ACCESS-0046,ONT-00376
ACCESS-0046,ONT-00418
ACCESS-0046,ONT-00426
ACCESS-0046,ONT-00450
ACCESS-0046,ONT-00534
ACCESS-0046,ONT-00537
ACCESS-0046,ONT-00543
ACCESS-0046,ONT-00546
ACCESS-0046,ONT-00588
ACCESS-0046,ONT-00710
ACCESS-0046,ONT-00762
ACCESS-0046,ONT-00859
ACCESS-0046,ONT-00979
ACCESS-0046,ONT-00992
ACCESS-0046,ONT-01069
ACCESS-0046,ONT-01176
ACCESS-0046,ONT-01230
ACCESS-0046,ONT-01277
ACCESS-0046,ONT-01287
ACCESS-0046,ONT-01349
ACCESS-0046,ONT-01357
ACCESS-0046,ONT-01380
ACCESS-0046,ONT-01406
ACCESS-0046,ONT-01522
ACCESS-0046,ONT-01734
ACCESS-0046,ONT-01788
ACCESS-0046,ONT-01823
ACCESS-0046,ONT-02145
ACCESS-0046,ONT-02177
ACCESS-0046,ONT-02218
ACCESS-0046,ONT-02476
ACCESS-0046,ONT-02487
ACCESS-0046,ONT-02591
ACCESS-0046,ONT-02831
ACCESS-0046,ONT-02893
ACCESS-0047,ONT-00002
ACCESS-0047,ONT-00192
ACCESS-0047,ONT-00324
ACCESS-0047,ONT-00629
ACCESS-0047,ONT-00674
ACCESS-0047,ONT-00694
ACCESS-0047,ONT-00754
ACCESS-0047,ONT-00947
ACCESS-0047,ONT-01014
ACCESS-0047,ONT-01214
ACCESS-0047,ONT-01419
ACCESS-0047,ONT-01489
ACCESS-0047,ONT-01625
ACCESS-0047,ONT-01759
ACCESS-0047,ONT-01841
ACCESS-0047,ONT-01947
ACCESS-0047,ONT-01982
ACCESS-0047,ONT-02120
ACCESS-0047,ONT-02150
ACCESS-0047,ONT-02155
ACCESS-0047,ONT-02344
ACCESS-0047,ONT-02402
ACCESS-0047,ONT-02481
ACCESS-0047,ONT-02551
ACCESS-0047,ONT-02643
ACCESS-0047,ONT-02712
ACCESS-0047,ONT-02928
ACCESS-0047,ONT-02957
ACCESS-0048,ONT-00394
ACCESS-0048,ONT-00407
ACCESS-0048,ONT-00474
ACCESS-0048,ONT-00562
ACCESS-0048,ONT-00592
ACCESS-0048,ONT-00595
ACCESS-0048,ONT-00641
ACCESS-0048,ONT-00665
ACCESS-0048,ONT-00697
ACCESS-0048,ONT-00841
ACCESS-0048,ONT-00870
ACCESS-0048,ONT-00902
ACCESS-0048,ONT-01102
ACCESS-0048,ONT-01111
ACCESS-0048,ONT-01116
ACCESS-0048,ONT-01207
ACCESS-0048,ONT-01238
ACCESS-0048,ONT-01262
ACCESS-0048,ONT-01346
ACCESS-0048,ONT-01424
ACCESS-0048,ONT-01460
ACCESS-0048,ONT-01461
ACCESS-0048,ONT-01468
ACCESS-0048,ONT-01693
ACCESS-0048,ONT-01936
ACCESS-0048,ONT-01974
ACCESS-0048,ONT-02016
ACCESS-0048,ONT-02412
ACCESS-0048,ONT-02414
ACCESS-0048,ONT-02466
ACCESS-0048,ONT-02519
ACCESS-0048,ONT-02934
ACCESS-0048,ONT-02967
ACCESS-0049,ONT-00034
ACCESS-0049,ONT-00062
ACCESS-0049,ONT-00071
ACCESS-0049,ONT-00144
ACCESS-0049,ONT-00202
ACCESS-0049,ONT-00204
ACCESS-0049,ONT-00331
ACCESS-0049,ONT-00607
ACCESS-0049,ONT-00794
ACCESS-0049,ONT-00873
ACCESS-0049,ONT-01224
ACCESS-0049,ONT-01241
ACCESS-0049,ONT-01247
ACCESS-0049,ONT-01254
ACCESS-0049,ONT-01258
ACCESS-0049,ONT-01264
ACCESS-0049,ONT-01302
ACCESS-0049,ONT-01370
ACCESS-0049,ONT-01389
ACCESS-0049,ONT-01804
ACCESS-0049,ONT-01879
ACCESS-0049,ONT-01880
ACCESS-0049,ONT-01940
ACCESS-0049,ONT-02221
ACCESS-0049,ONT-02278
ACCESS-0049,ONT-02457
ACCESS-0049,ONT-02702
ACCESS-0049,ONT-02878
ACCESS-0049,ONT-02900
ACCESS-0049,ONT-02945
ACCESS-0049,ONT-02994
ACCESS-0050,ONT-00074
ACCESS-0050,ONT-00271
ACCESS-0050,ONT-00279
ACCESS-0050,ONT-00281
ACCESS-0050,ONT-00365
ACCESS-0050,ONT-00540
ACCESS-0050,ONT-00605
ACCESS-0050,ONT-00661
ACCESS-0050,ONT-00683
ACCESS-0050,ONT-00705
ACCESS-0050,ONT-01002
ACCESS-0050,ONT-01113
ACCESS-0050,ONT-01280
ACCESS-0050,ONT-01303
ACCESS-0050,ONT-01417
ACCESS-0050,ONT-01462
ACCESS-0050,ONT-01607
ACCESS-0050,ONT-01637
ACCESS-0050,ONT-01663
ACCESS-0050,ONT-01740
ACCESS-0050,ONT-01789
ACCESS-0050,ONT-01847
ACCESS-0050,ONT-01893
ACCESS-0050,ONT-02142
ACCESS-0050,ONT-02287
ACCESS-0050,ONT-02579
ACCESS-0050,ONT-02693
ACCESS-0050,ONT-02739
ACCESS-0050,ONT-02915
ACCESS-0051,ONT-00030
ACCESS-0051,ONT-00285
ACCESS-0051,ONT-00353
ACCESS-0051,ONT-00585
ACCESS-0051,ONT-00834
ACCESS-0051,ONT-00869
ACCESS-0051,ONT-01208
ACCESS-0051,ONT-01335
ACCESS-0051,ONT-01403
ACCESS-0051,ONT-01516
ACCESS-0051,ONT-01711
ACCESS-0051,ONT-02076
ACCESS-0051,ONT-02137
ACCESS-0051,ONT-02239
ACCESS-0051,ONT-02355
ACCESS-0051,ONT-02497
ACCESS-0052,ONT-00154
ACCESS-0052,ONT-00249
ACCESS-0052,ONT-00258
ACCESS-0052,ONT-00374
ACCESS-0052,ONT-00422
ACCESS-0052,ONT-00623
ACCESS-0052,ONT-00653
ACCESS-0052,ONT-00753
ACCESS-0052,ONT-01192
ACCESS-0052,ONT-01217
ACCESS-0052,ONT-01336
ACCESS-0052,ONT-01497
ACCESS-0052,ONT-01502
ACCESS-0052,ONT-01751
ACCESS-0052,ONT-01914
ACCESS-0052,ONT-02008
ACCESS-0052,ONT-02013
ACCESS-0052,ONT-02064
ACCESS-0052,ONT-02091
ACCESS-0052,ONT-02360
ACCESS-0052,ONT-02546
ACCESS-0052,ONT-02654
ACCESS-0052,ONT-02668
ACCESS-0052,ONT-02723
ACCESS-0052,ONT-02754
ACCESS-0052,ONT-02847
ACCESS-0052,ONT-02879
ACCESS-0052,ONT-02976
ACCESS-0053,ONT-00004
ACCESS-0053,ONT-00010
ACCESS-0053,ONT-00028
ACCESS-0053,ONT-00075
ACCESS-0053,ONT-00123
ACCESS-0053,ONT-00381
ACCESS-0053,ONT-00427
ACCESS-0053,ONT-00511
ACCESS-0053,ONT-00551
ACCESS-0053,ONT-00578
ACCESS-0053,ONT-00619
ACCESS-0053,ONT-00850
ACCESS-0053,ONT-00964
ACCESS-0053,ONT-00972
ACCESS-0053,ONT-01037
ACCESS-0053,ONT-01063
ACCESS-0053,ONT-01074
ACCESS-0053,ONT-01196
ACCESS-0053,ONT-01244
ACCESS-0053,ONT-01257
ACCESS-0053,ONT-01512
ACCESS-0053,ONT-01646
ACCESS-0053,ONT-01706
ACCESS-0053,ONT-01708
ACCESS-0053,ONT-01888
ACCESS-0053,ONT-01907
ACCESS-0053,ONT-01922
ACCESS-0053,ONT-01924
ACCESS-0053,ONT-01972
ACCESS-0053,ONT-02272
ACCESS-0053,ONT-02406
ACCESS-0053,ONT-02449
ACCESS-0053,ONT-02529
ACCESS-0053,ONT-02530
ACCESS-0053,ONT-02685
ACCESS-0053,ONT-02779
ACCESS-0053,ONT-02804
ACCESS-0053,ONT-02917
ACCESS-0053,ONT-02926
ACCESS-0054,ONT-00140
ACCESS-0054,ONT-00352
ACCESS-0054,ONT-00453
ACCESS-0054,ONT-00463
ACCESS-0054,ONT-00716
ACCESS-0054,ONT-00816
ACCESS-0054,ONT-01348
ACCESS-0054,ONT-01600
ACCESS-0054,ONT-01717
ACCESS-0054,ONT-01730
ACCESS-0054,ONT-01735
ACCESS-0054,ONT-01850
ACCESS-0054,ONT-01894
ACCESS-0054,ONT-01929
ACCESS-0054,ONT-02009
ACCESS-0054,ONT-02193
ACCESS-0054,ONT-02289
ACCESS-0054,ONT-02331
ACCESS-0054,ONT-02453
ACCESS-0054,ONT-02468
ACCESS-0054,ONT-02552
ACCESS-0054,ONT-02671
ACCESS-0055,ONT-00125
ACCESS-0055,ONT-00136
ACCESS-0055,ONT-00184
ACCESS-0055,ONT-00274
ACCESS-0055,ONT-00298
ACCESS-0055,ONT-00357
ACCESS-0055,ONT-00503
ACCESS-0055,ONT-00504
ACCESS-0055,ONT-00529
ACCESS-0055,ONT-00698
ACCESS-0055,ONT-00867
ACCESS-0055,ONT-00890
ACCESS-0055,ONT-00895
ACCESS-0055,ONT-01044
ACCESS-0055,ONT-01049
ACCESS-0055,ONT-01093
ACCESS-0055,ONT-01177
ACCESS-0055,ONT-01537
ACCESS-0055,ONT-01672
ACCESS-0055,ONT-01703
ACCESS-0055,ONT-01747
ACCESS-0055,ONT-01839
ACCESS-0055,ONT-01885
ACCESS-0055,ONT-02015
ACCESS-0055,ONT-02295
ACCESS-0055,ONT-02347
ACCESS-0055,ONT-02405
ACCESS-0055,ONT-02491
ACCESS-0055,ONT-02505
ACCESS-0055,ONT-02772
ACCESS-0056,ONT-00032
ACCESS-0056,ONT-00061
ACCESS-0056,ONT-00110
ACCESS-0056,ONT-00129
ACCESS-0056,ONT-00160
ACCESS-0056,ONT-00332
ACCESS-0056,ONT-00391
ACCESS-0056,ONT-00428
ACCESS-0056,ONT-00528
ACCESS-0056,ONT-00559
ACCESS-0056,ONT-00569
ACCESS-0056,ONT-00838
ACCESS-0056,ONT-00961
ACCESS-0056,ONT-01237
ACCESS-0056,ONT-01414
ACCESS-0056,ONT-01464
ACCESS-0056,ONT-01485
ACCESS-0056,ONT-01655
ACCESS-0056,ONT-01687
ACCESS-0056,ONT-01726
ACCESS-0056,ONT-01781
ACCESS-0056,ONT-01986
ACCESS-0056,ONT-02062
ACCESS-0056,ONT-02168
ACCESS-0056,ONT-02473
ACCESS-0056,ONT-02644
ACCESS-0056,ONT-02805
ACCESS-0056,ONT-02875
ACCESS-0057,ONT-00001
ACCESS-0057,ONT-00096
ACCESS-0057,ONT-00163
ACCESS-0057,ONT-00237
ACCESS-0057,ONT-00238
ACCESS-0057,ONT-00261
ACCESS-0057,ONT-00461
ACCESS-0057,ONT-00737
ACCESS-0057,ONT-01043
ACCESS-0057,ONT-01060
ACCESS-0057,ONT-01143
ACCESS-0057,ONT-01307
ACCESS-0057,ONT-01387
ACCESS-0057,ONT-01506
ACCESS-0057,ONT-01524
ACCESS-0057,ONT-01623
ACCESS-0057,ONT-01676
ACCESS-0057,ONT-01813
ACCESS-0057,ONT-02420
ACCESS-0057,ONT-02462
ACCESS-0057,ONT-02524
ACCESS-0057,ONT-02563
ACCESS-0057,ONT-02608
ACCESS-0057,ONT-02885
ACCESS-0058,ONT-00056
ACCESS-0058,ONT-00066
ACCESS-0058,ONT-00121
ACCESS-0058,ONT-00401
ACCESS-0058,ONT-00521
ACCESS-0058,ONT-00558
ACCESS-0058,ONT-00600
ACCESS-0058,ONT-00717
ACCESS-0058,ONT-00778
ACCESS-0058,ONT-00799
ACCESS-0058,ONT-00934
ACCESS-0058,ONT-00945
ACCESS-0058,ONT-01139
ACCESS-0058,ONT-01178
ACCESS-0058,ONT-01185
ACCESS-0058,ONT-01305
ACCESS-0058,ONT-01343
ACCESS-0058,ONT-01455
ACCESS-0058,ONT-01825
ACCESS-0058,ONT-01855
ACCESS-0058,ONT-01902
ACCESS-0058,ONT-01920
ACCESS-0058,ONT-02014
ACCESS-0058,ONT-02024
ACCESS-0058,ONT-02067
ACCESS-0058,ONT-02317
ACCESS-0058,ONT-02375
ACCESS-0058,ONT-02561
ACCESS-0058,ONT-02592
ACCESS-0058,ONT-02667
ACCESS-0058,ONT-02684
ACCESS-0058,ONT-02735
ACCESS-0058,ONT-02890
ACCESS-0059,ONT-00026
ACCESS-0059,ONT-00416
ACCESS-0059,ONT-00520
ACCESS-0059,ONT-00856
ACCESS-0059,ONT-00983
ACCESS-0059,ONT-01077
ACCESS-0059,ONT-01121
ACCESS-0059,ONT-01219
ACCESS-0059,ONT-01476
ACCESS-0059,ONT-01771
ACCESS-0059,ONT-01853
ACCESS-0059,ONT-01927
ACCESS-0059,ONT-02055
ACCESS-0059,ONT-02199
ACCESS-0059,ONT-02340
ACCESS-0059,ONT-02362
ACCESS-0059,ONT-02382
ACCESS-0059,ONT-02444
ACCESS-0059,ONT-02446
ACCESS-0059,ONT-02766
ACCESS-0059,ONT-02883
ACCESS-0060,ONT-00359
ACCESS-0060,ONT-00460
ACCESS-0060,ONT-00575
ACCESS-0060,ONT-00803
ACCESS-0060,ONT-00949
ACCESS-0060,ONT-00963
ACCESS-0060,ONT-00981
ACCESS-0060,ONT-01188
ACCESS-0060,ONT-01329
ACCESS-0060,ONT-01373
ACCESS-0060,ONT-01554
ACCESS-0060,ONT-01614
ACCESS-0060,ONT-01796
ACCESS-0060,ONT-01897
ACCESS-0060,ONT-01904
ACCESS-0060,ONT-02160
ACCESS-0060,ONT-02311
ACCESS-0060,ONT-02435
ACCESS-0060,ONT-02629
ACCESS-0060,ONT-02640
ACCESS-0060,ONT-02672
ACCESS-0061,ONT-00106
ACCESS-0061,ONT-00152
ACCESS-0061,ONT-00169
ACCESS-0061,ONT-00221
ACCESS-0061,ONT-00355
ACCESS-0061,ONT-00603
ACCESS-0061,ONT-00782
ACCESS-0061,ONT-00881
ACCESS-0061,ONT-01136
ACCESS-0061,ONT-01144
ACCESS-0061,ONT-01171
ACCESS-0061,ONT-01355
ACCESS-0061,ONT-01376
ACCESS-0061,ONT-01568
ACCESS-0061,ONT-01574
ACCESS-0061,ONT-01621
ACCESS-0061,ONT-01743
ACCESS-0061,ONT-01918
ACCESS-0061,ONT-02049
ACCESS-0061,ONT-02254
ACCESS-0061,ONT-02642
ACCESS-0061,ONT-02664
ACCESS-0061,ONT-02675
ACCESS-0061,ONT-02713
ACCESS-0061,ONT-02975
ACCESS-0062,ONT-00063
ACCESS-0062,ONT-00139
ACCESS-0062,ONT-00385
ACCESS-0062,ONT-00438
ACCESS-0062,ONT-00630
ACCESS-0062,ONT-00765
ACCESS-0062,ONT-00768
ACCESS-0062,ONT-00930
ACCESS-0062,ONT-00974
ACCESS-0062,ONT-01112
ACCESS-0062,ONT-01165
ACCESS-0062,ONT-01308
ACCESS-0062,ONT-01501
ACCESS-0062,ONT-01613
ACCESS-0062,ONT-01628
ACCESS-0062,ONT-01635
ACCESS-0062,ONT-01644
ACCESS-0062,ONT-02032
ACCESS-0062,ONT-02230
ACCESS-0062,ONT-02502
ACCESS-0062,ONT-02525
ACCESS-0062,ONT-02731
ACCESS-0062,ONT-02745
ACCESS-0062,ONT-02768
ACCESS-0062,ONT-02774
ACCESS-0062,ONT-02952
ACCESS-0063,ONT-00017
ACCESS-0063,ONT-00046
ACCESS-0063,ONT-00054
ACCESS-0063,ONT-00178
ACCESS-0063,ONT-00229
ACCESS-0063,ONT-00328
ACCESS-0063,ONT-00367
ACCESS-0063,ONT-00375
ACCESS-0063,ONT-00409
ACCESS-0063,ONT-00417
ACCESS-0063,ONT-00670
ACCESS-0063,ONT-00735
ACCESS-0063,ONT-00769
ACCESS-0063,ONT-00821
ACCESS-0063,ONT-00935
ACCESS-0063,ONT-01103
ACCESS-0063,ONT-01429
ACCESS-0063,ONT-01452
ACCESS-0063,ONT-01718
ACCESS-0063,ONT-01765
ACCESS-0063,ONT-01946
ACCESS-0063,ONT-02151
ACCESS-0063,ONT-02201
ACCESS-0063,ONT-02233
ACCESS-0063,ONT-02337
ACCESS-0063,ONT-02482
ACCESS-0063,ONT-02703
ACCESS-0063,ONT-02808
ACCESS-0063,ONT-02844
ACCESS-0063,ONT-02881
ACCESS-0063,ONT-02935
ACCESS-0064,ONT-00172
ACCESS-0064,ONT-00282
ACCESS-0064,ONT-00344
ACCESS-0064,ONT-00491
ACCESS-0064,ONT-00668
ACCESS-0064,ONT-00772
ACCESS-0064,ONT-00849
ACCESS-0064,ONT-01126
ACCESS-0064,ONT-01193
ACCESS-0064,ONT-01243
ACCESS-0064,ONT-01259
ACCESS-0064,ONT-01320
ACCESS-0064,ONT-01326
ACCESS-0064,ONT-01331
ACCESS-0064,ONT-01446
ACCESS-0064,ONT-01499
ACCESS-0064,ONT-01636
ACCESS-0064,ONT-01874
ACCESS-0064,ONT-02012
ACCESS-0064,ONT-02113
ACCESS-0064,ONT-02133
ACCESS-0064,ONT-02136
ACCESS-0064,ONT-02235
ACCESS-0064,ONT-02327
ACCESS-0064,ONT-02488
ACCESS-0064,ONT-02496
ACCESS-0064,ONT-02695
ACCESS-0064,ONT-02701
ACCESS-0064,ONT-02743
ACCESS-0064,ONT-02854
ACCESS-0064,ONT-02971
ACCESS-0064,ONT-02989
ACCESS-0065,ONT-00027
ACCESS-0065,ONT-00069
ACCESS-0065,ONT-00131
ACCESS-0065,ONT-00335
ACCESS-0065,ONT-00572
ACCESS-0065,ONT-00606
ACCESS-0065,ONT-00655
ACCESS-0065,ONT-00664
ACCESS-0065,ONT-00713
ACCESS-0065,ONT-00763
ACCESS-0065,ONT-00882
ACCESS-0065,ONT-00896
ACCESS-0065,ONT-00907
ACCESS-0065,ONT-00968
ACCESS-0065,ONT-01434
ACCESS-0065,ONT-01547
ACCESS-0065,ONT-01606
ACCESS-0065,ONT-01624
ACCESS-0065,ONT-01911
ACCESS-0065,ONT-02025
ACCESS-0065,ONT-02124
ACCESS-0065,ONT-02132
ACCESS-0065,ONT-02186
ACCESS-0065,ONT-02225
ACCESS-0065,ONT-02315
ACCESS-0065,ONT-02391
ACCESS-0065,ONT-02418
ACCESS-0065,ONT-02484
ACCESS-0065,ONT-02594
ACCESS-0065,ONT-02665
ACCESS-0065,ONT-02677
ACCESS-0065,ONT-02699
ACCESS-0065,ONT-02788
ACCESS-0065,ONT-02863
ACCESS-0065,ONT-02877
ACCESS-0065,ONT-02888
ACCESS-0065,ONT-02925
ACCESS-0065,ONT-02938
ACCESS-0066,ONT-00309
ACCESS-0066,ONT-00444
ACCESS-0066,ONT-00506
ACCESS-0066,ONT-00646
ACCESS-0066,ONT-00757
ACCESS-0066,ONT-00828
ACCESS-0066,ONT-00918
ACCESS-0066,ONT-00991
ACCESS-0066,ONT-01003
ACCESS-0066,ONT-01045
ACCESS-0066,ONT-01109
ACCESS-0066,ONT-01260
ACCESS-0066,ONT-01304
ACCESS-0066,ONT-01338
ACCESS-0066,ONT-01445
ACCESS-0066,ONT-01465
ACCESS-0066,ONT-01491
ACCESS-0066,ONT-01530
ACCESS-0066,ONT-01559
ACCESS-0066,ONT-01586
ACCESS-0066,ONT-01647
ACCESS-0066,ONT-01681
ACCESS-0066,ONT-01702
ACCESS-0066,ONT-01844
ACCESS-0066,ONT-01891
ACCESS-0066,ONT-01969
ACCESS-0066,ONT-02122
ACCESS-0066,ONT-02207
ACCESS-0066,ONT-02232
ACCESS-0066,ONT-02325
ACCESS-0066,ONT-02439
ACCESS-0066,ONT-02603
ACCESS-0066,ONT-02655
ACCESS-0066,ONT-02775
ACCESS-0066,ONT-02840
ACCESS-0066,ONT-02842
ACCESS-0066,ONT-02869
ACCESS-0066,ONT-02876
ACCESS-0066,ONT-02887
ACCESS-0066,ONT-02927
ACCESS-0066,ONT-02946
ACCESS-0067,ONT-00115
ACCESS-0067,ONT-00557
ACCESS-0067,ONT-00711
ACCESS-0067,ONT-00745
ACCESS-0067,ONT-01340
ACCESS-0067,ONT-01423
ACCESS-0067,ONT-01540
ACCESS-0067,ONT-01590
ACCESS-0067,ONT-01739
ACCESS-0067,ONT-01800
ACCESS-0067,ONT-01831
ACCESS-0067,ONT-02119
ACCESS-0067,ONT-02154
ACCESS-0067,ONT-02257
ACCESS-0067,ONT-02265
ACCESS-0067,ONT-02363
ACCESS-0067,ONT-02425
ACCESS-0067,ONT-02438
ACCESS-0067,ONT-02515
ACCESS-0067,ONT-02534
ACCESS-0067,ONT-02657
ACCESS-0067,ONT-02681
ACCESS-0067,ONT-02740
ACCESS-0067,ONT-02784
ACCESS-0067,ONT-02964
ACCESS-0068,ONT-00091
ACCESS-0068,ONT-00214
ACCESS-0068,ONT-00458
ACCESS-0068,ONT-00589
ACCESS-0068,ONT-00660
ACCESS-0068,ONT-00685
ACCESS-0068,ONT-00728
ACCESS-0068,ONT-00756
ACCESS-0068,ONT-00793
ACCESS-0068,ONT-00813
ACCESS-0068,ONT-00826
ACCESS-0068,ONT-00915
ACCESS-0068,ONT-00922
ACCESS-0068,ONT-00940
ACCESS-0068,ONT-00953
ACCESS-0068,ONT-01052
ACCESS-0068,ONT-01087
ACCESS-0068,ONT-01197
ACCESS-0068,ONT-01232
ACCESS-0068,ONT-01404
ACCESS-0068,ONT-01819
ACCESS-0068,ONT-01832
ACCESS-0068,ONT-01903
ACCESS-0068,ONT-01959
ACCESS-0068,ONT-01965
ACCESS-0068,ONT-02101
ACCESS-0068,ONT-02127
ACCESS-0068,ONT-02171
ACCESS-0068,ONT-02386
ACCESS-0068,ONT-02479
ACCESS-0068,ONT-02494
ACCESS-0068,ONT-02548
ACCESS-0068,ONT-02549
ACCESS-0068,ONT-02571
ACCESS-0068,ONT-02660
ACCESS-0068,ONT-02715
ACCESS-0068,ONT-02785
ACCESS-0068,ONT-02830
ACCESS-0068,ONT-02850
ACCESS-0068,ONT-02951
ACCESS-0069,ONT-00038
ACCESS-0069,ONT-00187
ACCESS-0069,ONT-00333
ACCESS-0069,ONT-00360
ACCESS-0069,ONT-00484
ACCESS-0069,ONT-00516
ACCESS-0069,ONT-00571
ACCESS-0069,ONT-00987
ACCESS-0069,ONT-01082
ACCESS-0069,ONT-01097
ACCESS-0069,ONT-01150
ACCESS-0069,ONT-01368
ACCESS-0069,ONT-01407
ACCESS-0069,ONT-01481
ACCESS-0069,ONT-01564
ACCESS-0069,ONT-01639
ACCESS-0069,ONT-01683
ACCESS-0069,ONT-01777
ACCESS-0069,ONT-02099
ACCESS-0069,ONT-02475
ACCESS-0069,ONT-02538
ACCESS-0069,ONT-02894
ACCESS-0069,ONT-02963
ACCESS-0070,ONT-00011
ACCESS-0070,ONT-00526
ACCESS-0070,ONT-00594
ACCESS-0070,ONT-00801
ACCESS-0070,ONT-00812
ACCESS-0070,ONT-00860
ACCESS-0070,ONT-00909
ACCESS-0070,ONT-00989
ACCESS-0070,ONT-01253
ACCESS-0070,ONT-01393
ACCESS-0070,ONT-01457
ACCESS-0070,ONT-01510
ACCESS-0070,ONT-01533
ACCESS-0070,ONT-01688
ACCESS-0070,ONT-01697
ACCESS-0070,ONT-01707
ACCESS-0070,ONT-01858
ACCESS-0070,ONT-01937
ACCESS-0070,ONT-01956
ACCESS-0070,ONT-02004
ACCESS-0070,ONT-02073
ACCESS-0070,ONT-02130
ACCESS-0070,ONT-02541
ACCESS-0070,ONT-02694
ACCESS-0070,ONT-02707
ACCESS-0070,ONT-02738
ACCESS-0070,ONT-02748
ACCESS-0070,ONT-02798
ACCESS-0070,ONT-02826
ACCESS-0070,ONT-02973
ACCESS-0071,ONT-00077
ACCESS-0071,ONT-00134
ACCESS-0071,ONT-00265
ACCESS-0071,ONT-00307
ACCESS-0071,ONT-00456
ACCESS-0071,ONT-00468
ACCESS-0071,ONT-00493
ACCESS-0071,ONT-00502
ACCESS-0071,ONT-00751
ACCESS-0071,ONT-00752
ACCESS-0071,ONT-00795
ACCESS-0071,ONT-00877
ACCESS-0071,ONT-00906
ACCESS-0071,ONT-00927
ACCESS-0071,ONT-00995
ACCESS-0071,ONT-01527
ACCESS-0071,ONT-01550
ACCESS-0071,ONT-01551
ACCESS-0071,ONT-01555
ACCESS-0071,ONT-01556
ACCESS-0071,ONT-01700
ACCESS-0071,ONT-01721
ACCESS-0071,ONT-01817
ACCESS-0071,ONT-02044
ACCESS-0071,ONT-02365
ACCESS-0071,ONT-02378
ACCESS-0071,ONT-02566
ACCESS-0071,ONT-02610
ACCESS-0071,ONT-02771
ACCESS-0071,ONT-02838
ACCESS-0071,ONT-02870
ACCESS-0071,ONT-02872
ACCESS-0072,ONT-00143
ACCESS-0072,ONT-00176
ACCESS-0072,ONT-00317
ACCESS-0072,ONT-00361
ACCESS-0072,ONT-00383
ACCESS-0072,ONT-00386
ACCESS-0072,ONT-00404
ACCESS-0072,ONT-00446
ACCESS-0072,ONT-00742
ACCESS-0072,ONT-00770
ACCESS-0072,ONT-00808
ACCESS-0072,ONT-00810
ACCESS-0072,ONT-00993
ACCESS-0072,ONT-01206
ACCESS-0072,ONT-01315
ACCESS-0072,ONT-01553
ACCESS-0072,ONT-01594
ACCESS-0072,ONT-01900
ACCESS-0072,ONT-01987
ACCESS-0072,ONT-01996
ACCESS-0072,ONT-01999
ACCESS-0072,ONT-02140
ACCESS-0072,ONT-02178
ACCESS-0072,ONT-02206
ACCESS-0072,ONT-02329
ACCESS-0072,ONT-02371
ACCESS-0072,ONT-02387
ACCESS-0072,ONT-02570
ACCESS-0072,ONT-02661
ACCESS-0072,ONT-02746
ACCESS-0072,ONT-02995
ACCESS-0073,ONT-00045
ACCESS-0073,ONT-00259
ACCESS-0073,ONT-00415
ACCESS-0073,ONT-00448
ACCESS-0073,ONT-00505
ACCESS-0073,ONT-00612
ACCESS-0073,ONT-00658
ACCESS-0073,ONT-00679
ACCESS-0073,ONT-00887
ACCESS-0073,ONT-01021
ACCESS-0073,ONT-01325
ACCESS-0073,ONT-01520
ACCESS-0073,ONT-01539
ACCESS-0073,ONT-01583
ACCESS-0073,ONT-01585
ACCESS-0073,ONT-01741
ACCESS-0073,ONT-01784
ACCESS-0073,ONT-01951
ACCESS-0073,ONT-01984
ACCESS-0073,ONT-01991
ACCESS-0073,ONT-02027
ACCESS-0073,ONT-02030
ACCESS-0073,ONT-02146
ACCESS-0073,ONT-02166
ACCESS-0073,ONT-02322
ACCESS-0073,ONT-02510
ACCESS-0073,ONT-02601
ACCESS-0073,ONT-02609
ACCESS-0073,ONT-02618
ACCESS-0073,ONT-02706
ACCESS-0073,ONT-02813
ACCESS-0073,ONT-02827
ACCESS-0073,ONT-02874
ACCESS-0073,ONT-02977
ACCESS-0073,ONT-02982
ACCESS-0073,ONT-02997
ACCESS-0074,ONT-00016
ACCESS-0074,ONT-00364
ACCESS-0074,ONT-00483
ACCESS-0074,ONT-00577
ACCESS-0074,ONT-00587
ACCESS-0074,ONT-00649
ACCESS-0074,ONT-00767
ACCESS-0074,ONT-00858
ACCESS-0074,ONT-00920
ACCESS-0074,ONT-01020
ACCESS-0074,ONT-01022
ACCESS-0074,ONT-01358
ACCESS-0074,ONT-01496
ACCESS-0074,ONT-01632
ACCESS-0074,ONT-01754
ACCESS-0074,ONT-01780
ACCESS-0074,ONT-01792
ACCESS-0074,ONT-01910
ACCESS-0074,ONT-02040
ACCESS-0074,ONT-02174
ACCESS-0074,ONT-02256
ACCESS-0074,ONT-02504
ACCESS-0074,ONT-02532
ACCESS-0074,ONT-02558
ACCESS-0074,ONT-02596
ACCESS-0074,ONT-02605
ACCESS-0074,ONT-02843
ACCESS-0074,ONT-02862
ACCESS-0074,ONT-02969
ACCESS-0075,ONT-00050
ACCESS-0075,ONT-00104
ACCESS-0075,ONT-00462
ACCESS-0075,ONT-00542
ACCESS-0075,ONT-00548
ACCESS-0075,ONT-00825
ACCESS-0075,ONT-00872
ACCESS-0075,ONT-00973
ACCESS-0075,ONT-01004
ACCESS-0075,ONT-01048
ACCESS-0075,ONT-01067
ACCESS-0075,ONT-01161
ACCESS-0075,ONT-01282
ACCESS-0075,ONT-01286
ACCESS-0075,ONT-01321
ACCESS-0075,ONT-01360
ACCESS-0075,ONT-01431
ACCESS-0075,ONT-01483
ACCESS-0075,ONT-01701
ACCESS-0075,ONT-01716
ACCESS-0075,ONT-01749
ACCESS-0075,ONT-02071
ACCESS-0075,ONT-02116
ACCESS-0075,ONT-02135
ACCESS-0075,ONT-02188
ACCESS-0075,ONT-02305
ACCESS-0075,ONT-02335
ACCESS-0075,ONT-02419
ACCESS-0075,ONT-02422
ACCESS-0075,ONT-02669
ACCESS-0075,ONT-02806
ACCESS-0076,ONT-00088
ACCESS-0076,ONT-00097
ACCESS-0076,ONT-00151
ACCESS-0076,ONT-00532
ACCESS-0076,ONT-00654
ACCESS-0076,ONT-00657
ACCESS-0076,ONT-00861
ACCESS-0076,ONT-00868
ACCESS-0076,ONT-00908
ACCESS-0076,ONT-00967
ACCESS-0076,ONT-01001
ACCESS-0076,ONT-01085
ACCESS-0076,ONT-01100
ACCESS-0076,ONT-01115
ACCESS-0076,ONT-01456
ACCESS-0076,ONT-01487
ACCESS-0076,ONT-01572
ACCESS-0076,ONT-01605
ACCESS-0076,ONT-01629
ACCESS-0076,ONT-01748
ACCESS-0076,ONT-01762
ACCESS-0076,ONT-01812
ACCESS-0076,ONT-01843
ACCESS-0076,ONT-02041
ACCESS-0076,ONT-02053
ACCESS-0076,ONT-02125
ACCESS-0076,ONT-02131
ACCESS-0076,ONT-02236
ACCESS-0076,ONT-02377
ACCESS-0076,ONT-02459
ACCESS-0076,ONT-02557
ACCESS-0076,ONT-02559
ACCESS-0076,ONT-02612
ACCESS-0076,ONT-02659
ACCESS-0076,ONT-02709
ACCESS-0076,ONT-02758
ACCESS-0076,ONT-02978
ACCESS-0077,ONT-00218
ACCESS-0077,ONT-00429
ACCESS-0077,ONT-00492
ACCESS-0077,ONT-00662
ACCESS-0077,ONT-00663
ACCESS-0077,ONT-00707
ACCESS-0077,ONT-00746
ACCESS-0077,ONT-00798
ACCESS-0077,ONT-00802
ACCESS-0077,ONT-00855
ACCESS-0077,ONT-01073
ACCESS-0077,ONT-01094
ACCESS-0077,ONT-01155
ACCESS-0077,ONT-01187
ACCESS-0077,ONT-01367
ACCESS-0077,ONT-01386
ACCESS-0077,ONT-01642
ACCESS-0077,ONT-01732
ACCESS-0077,ONT-01794
ACCESS-0077,ONT-02238
ACCESS-0077,ONT-02242
ACCESS-0077,ONT-02380
ACCESS-0077,ONT-02434
ACCESS-0077,ONT-02630
ACCESS-0077,ONT-02762
ACCESS-0077,ONT-02955
ACCESS-0078,ONT-00308
ACCESS-0078,ONT-00392
ACCESS-0078,ONT-00563
ACCESS-0078,ONT-00614
ACCESS-0078,ONT-00704
ACCESS-0078,ONT-00809
ACCESS-0078,ONT-00921
ACCESS-0078,ONT-01053
ACCESS-0078,ONT-01245
ACCESS-0078,ONT-01269
ACCESS-0078,ONT-01353
ACCESS-0078,ONT-01439
ACCESS-0078,ONT-01662
ACCESS-0078,ONT-01667
ACCESS-0078,ONT-01764
ACCESS-0078,ONT-01952
ACCESS-0078,ONT-02010
ACCESS-0078,ONT-02078
ACCESS-0078,ONT-02161
ACCESS-0078,ONT-02366
ACCESS-0078,ONT-02625
ACCESS-0078,ONT-02781
ACCESS-0078,ONT-02837
ACCESS-0078,ONT-02880
ACCESS-0079,ONT-00305
ACCESS-0079,ONT-00338
ACCESS-0079,ONT-00449
ACCESS-0079,ONT-00775
ACCESS-0079,ONT-00924
ACCESS-0079,ONT-01031
ACCESS-0079,ONT-01084
ACCESS-0079,ONT-01146
ACCESS-0079,ONT-01292
ACCESS-0079,ONT-01350
ACCESS-0079,ONT-01643
ACCESS-0079,ONT-01691
ACCESS-0079,ONT-01824
ACCESS-0079,ONT-01830
ACCESS-0079,ONT-02018
ACCESS-0079,ONT-02063
ACCESS-0079,ONT-02079
ACCESS-0079,ONT-02106
ACCESS-0079,ONT-02270
ACCESS-0079,ONT-02279
ACCESS-0079,ONT-02398
ACCESS-0079,ONT-02509
ACCESS-0079,ONT-02704
ACCESS-0079,ONT-02983
ACCESS-0080,ONT-00103
ACCESS-0080,ONT-00117
ACCESS-0080,ONT-00189
ACCESS-0080,ONT-00207
ACCESS-0080,ONT-00323
ACCESS-0080,ONT-00362
ACCESS-0080,ONT-00471
ACCESS-0080,ONT-00519
ACCESS-0080,ONT-00582
ACCESS-0080,ONT-00634
ACCESS-0080,ONT-00672
ACCESS-0080,ONT-00845
ACCESS-0080,ONT-01110
ACCESS-0080,ONT-01124
ACCESS-0080,ONT-01359
ACCESS-0080,ONT-01428
ACCESS-0080,ONT-01525
ACCESS-0080,ONT-01755
ACCESS-0080,ONT-01778
ACCESS-0080,ONT-01785
ACCESS-0080,ONT-01854
ACCESS-0080,ONT-01857
ACCESS-0080,ONT-01976
ACCESS-0080,ONT-02081
ACCESS-0080,ONT-02115
ACCESS-0080,ONT-02143
ACCESS-0080,ONT-02613
ACCESS-0080,ONT-02941
ACCESS-0080,ONT-02966
ACCESS-0081,ONT-00025
ACCESS-0081,ONT-00141
ACCESS-0081,ONT-00180
ACCESS-0081,ONT-00223
ACCESS-0081,ONT-00299
ACCESS-0081,ONT-00501
ACCESS-0081,ONT-00635
ACCESS-0081,ONT-00857
ACCESS-0081,ONT-00883
ACCESS-0081,ONT-00950
ACCESS-0081,ONT-01152
ACCESS-0081,ONT-01157
ACCESS-0081,ONT-01163
ACCESS-0081,ONT-01310
ACCESS-0081,ONT-01480
ACCESS-0081,ONT-01541
ACCESS-0081,ONT-01591
ACCESS-0081,ONT-01720
ACCESS-0081,ONT-01783
ACCESS-0081,ONT-01909
ACCESS-0081,ONT-02038
ACCESS-0081,ONT-02070
ACCESS-0081,ONT-02080
ACCESS-0081,ONT-02157
ACCESS-0081,ONT-02582
ACCESS-0081,ONT-02602
ACCESS-0081,ONT-02673
ACCESS-0081,ONT-02904
ACCESS-0081,ONT-02919
ACCESS-0081,ONT-02970
ACCESS-0082,ONT-00080
ACCESS-0082,ONT-00113
ACCESS-0082,ONT-00251
ACCESS-0082,ONT-00276
ACCESS-0082,ONT-00384
ACCESS-0082,ONT-00397
ACCESS-0082,ONT-00627
ACCESS-0082,ONT-00631
ACCESS-0082,ONT-00699
ACCESS-0082,ONT-00776
ACCESS-0082,ONT-01099
ACCESS-0082,ONT-01216
ACCESS-0082,ONT-01316
ACCESS-0082,ONT-01337
ACCESS-0082,ONT-01361
ACCESS-0082,ONT-01430
ACCESS-0082,ONT-01486
ACCESS-0082,ONT-01509
ACCESS-0082,ONT-01545
ACCESS-0082,ONT-01617
ACCESS-0082,ONT-01769
ACCESS-0082,ONT-01809
ACCESS-0082,ONT-01864
ACCESS-0082,ONT-01866
ACCESS-0082,ONT-01925
ACCESS-0082,ONT-02003
ACCESS-0082,ONT-02007
ACCESS-0082,ONT-02149
ACCESS-0082,ONT-02209
ACCESS-0082,ONT-02222
ACCESS-0082,ONT-02293
ACCESS-0082,ONT-02542
ACCESS-0082,ONT-02710
ACCESS-0082,ONT-02728
ACCESS-0082,ONT-02845
ACCESS-0082,ONT-02867
ACCESS-0083,ONT-00003
ACCESS-0083,ONT-00049
ACCESS-0083,ONT-00081
ACCESS-0083,ONT-00086
ACCESS-0083,ONT-00089
ACCESS-0083,ONT-00196
ACCESS-0083,ONT-00596
ACCESS-0083,ONT-00651
ACCESS-0083,ONT-00865
ACCESS-0083,ONT-00946
ACCESS-0083,ONT-00998
ACCESS-0083,ONT-01006
ACCESS-0083,ONT-01061
ACCESS-0083,ONT-01122
ACCESS-0083,ONT-01162
ACCESS-0083,ONT-01369
ACCESS-0083,ONT-01385
ACCESS-0083,ONT-01589
ACCESS-0083,ONT-01680
ACCESS-0083,ONT-01729
ACCESS-0083,ONT-01876
ACCESS-0083,ONT-01954
ACCESS-0083,ONT-02006
ACCESS-0083,ONT-02165
ACCESS-0083,ONT-02182
ACCESS-0083,ONT-02465
ACCESS-0083,ONT-02514
ACCESS-0083,ONT-02526
ACCESS-0083,ONT-02554
ACCESS-0083,ONT-02595
ACCESS-0083,ONT-02619
ACCESS-0083,ONT-02666
ACCESS-0083,ONT-02729
ACCESS-0083,ONT-02756
ACCESS-0083,ONT-02821
ACCESS-0084,ONT-00007
ACCESS-0084,ONT-00070
ACCESS-0084,ONT-00250
ACCESS-0084,ONT-00580
ACCESS-0084,ONT-00617
ACCESS-0084,ONT-00643
ACCESS-0084,ONT-00703
ACCESS-0084,ONT-00962
ACCESS-0084,ONT-01322
ACCESS-0084,ONT-01426
ACCESS-0084,ONT-01536
ACCESS-0084,ONT-01584
ACCESS-0084,ONT-01604
ACCESS-0084,ONT-01677
ACCESS-0084,ONT-02019
ACCESS-0084,ONT-02088
ACCESS-0084,ONT-02203
ACCESS-0084,ONT-02223
ACCESS-0084,ONT-02284
ACCESS-0084,ONT-02354
ACCESS-0084,ONT-02460
ACCESS-0084,ONT-02628
ACCESS-0084,ONT-02794
ACCESS-0084,ONT-02891
ACCESS-0084,ONT-02907
ACCESS-0085,ONT-00118
ACCESS-0085,ONT-00232
ACCESS-0085,ONT-00236
ACCESS-0085,ONT-00366
ACCESS-0085,ONT-00599
ACCESS-0085,ONT-00602
ACCESS-0085,ONT-00681
ACCESS-0085,ONT-00692
ACCESS-0085,ONT-00739
ACCESS-0085,ONT-00942
ACCESS-0085,ONT-01000
ACCESS-0085,ONT-01068
ACCESS-0085,ONT-01101
ACCESS-0085,ONT-01339
ACCESS-0085,ONT-01437
ACCESS-0085,ONT-01454
ACCESS-0085,ONT-01475
ACCESS-0085,ONT-01998
ACCESS-0085,ONT-02048
ACCESS-0085,ONT-02152
ACCESS-0085,ONT-02173
ACCESS-0085,ONT-02215
ACCESS-0085,ONT-02234
ACCESS-0085,ONT-02268
ACCESS-0085,ONT-02388
ACCESS-0085,ONT-02407
ACCESS-0085,ONT-02503
ACCESS-0085,ONT-02636
ACCESS-0085,ONT-02811
ACCESS-0086,ONT-00042
ACCESS-0086,ONT-00114
ACCESS-0086,ONT-00239
ACCESS-0086,ONT-00257
ACCESS-0086,ONT-00442
ACCESS-0086,ONT-00452
ACCESS-0086,ONT-00467
ACCESS-0086,ONT-00555
ACCESS-0086,ONT-00560
ACCESS-0086,ONT-00613
ACCESS-0086,ONT-00644
ACCESS-0086,ONT-00836
ACCESS-0086,ONT-00892
ACCESS-0086,ONT-00958
ACCESS-0086,ONT-01159
ACCESS-0086,ONT-01273
ACCESS-0086,ONT-01418
ACCESS-0086,ONT-01479
ACCESS-0086,ONT-01503
ACCESS-0086,ONT-01620
ACCESS-0086,ONT-01626
ACCESS-0086,ONT-01890
ACCESS-0086,ONT-02134
ACCESS-0086,ONT-02195
ACCESS-0086,ONT-02200
ACCESS-0086,ONT-02259
ACCESS-0086,ONT-02273
ACCESS-0086,ONT-02330
ACCESS-0086,ONT-02332
ACCESS-0086,ONT-02383
ACCESS-0086,ONT-02478
ACCESS-0086,ONT-02506
ACCESS-0086,ONT-02511
ACCESS-0086,ONT-02567
ACCESS-0086,ONT-02620
ACCESS-0086,ONT-02736
ACCESS-0086,ONT-02942
ACCESS-0087,ONT-00029
ACCESS-0087,ONT-00371
ACCESS-0087,ONT-00443
ACCESS-0087,ONT-00638
ACCESS-0087,ONT-00790
ACCESS-0087,ONT-01028
ACCESS-0087,ONT-01270
ACCESS-0087,ONT-01295
ACCESS-0087,ONT-01490
ACCESS-0087,ONT-01514
ACCESS-0087,ONT-01528
ACCESS-0087,ONT-01671
ACCESS-0087,ONT-01871
ACCESS-0087,ONT-01994
ACCESS-0087,ONT-02121
ACCESS-0087,ONT-02129
ACCESS-0087,ONT-02183
ACCESS-0087,ONT-02197
ACCESS-0087,ONT-02306
ACCESS-0087,ONT-02421
ACCESS-0087,ONT-02716
ACCESS-0087,ONT-02985
ACCESS-0088,ONT-00135
ACCESS-0088,ONT-00283
ACCESS-0088,ONT-00302
ACCESS-0088,ONT-00410
ACCESS-0088,ONT-00473
ACCESS-0088,ONT-00514
ACCESS-0088,ONT-00545
ACCESS-0088,ONT-00618
ACCESS-0088,ONT-00669
ACCESS-0088,ONT-00720
ACCESS-0088,ONT-00854
ACCESS-0088,ONT-00888
ACCESS-0088,ONT-00899
ACCESS-0088,ONT-01149
ACCESS-0088,ONT-01213
ACCESS-0088,ONT-01231
ACCESS-0088,ONT-01281
ACCESS-0088,ONT-01395
ACCESS-0088,ONT-01421
ACCESS-0088,ONT-01658
ACCESS-0088,ONT-01848
ACCESS-0088,ONT-01913
ACCESS-0088,ONT-01915
ACCESS-0088,ONT-02098
ACCESS-0088,ONT-02109
ACCESS-0088,ONT-02111
ACCESS-0088,ONT-02343
ACCESS-0088,ONT-02394
ACCESS-0088,ONT-02733
ACCESS-0088,ONT-02815
ACCESS-0088,ONT-02886
ACCESS-0088,ONT-02898
ACCESS-0088,ONT-02990
ACCESS-0088,ONT-02993
ACCESS-0089,ONT-00043
ACCESS-0089,ONT-00083
ACCESS-0089,ONT-00094
ACCESS-0089,ONT-00109
ACCESS-0089,ONT-00201
ACCESS-0089,ONT-00245
ACCESS-0089,ONT-00347
ACCESS-0089,ONT-00567
ACCESS-0089,ONT-00671
ACCESS-0089,ONT-00969
ACCESS-0089,ONT-01072
ACCESS-0089,ONT-01156
ACCESS-0089,ONT-01236
ACCESS-0089,ONT-01442
ACCESS-0089,ONT-01488
ACCESS-0089,ONT-01562
ACCESS-0089,ONT-01744
ACCESS-0089,ONT-01944
ACCESS-0089,ONT-02001
ACCESS-0089,ONT-02090
ACCESS-0089,ONT-02204
ACCESS-0089,ONT-02252
ACCESS-0089,ONT-02299
ACCESS-0089,ONT-02324
ACCESS-0089,ONT-02333
ACCESS-0089,ONT-02358
ACCESS-0089,ONT-02522
ACCESS-0089,ONT-02799
ACCESS-0089,ONT-02871
ACCESS-0089,ONT-02906
ACCESS-0090,ONT-00093
ACCESS-0090,ONT-00255
ACCESS-0090,ONT-00517
ACCESS-0090,ONT-00530
ACCESS-0090,ONT-00547
ACCESS-0090,ONT-00633
ACCESS-0090,ONT-00759
ACCESS-0090,ONT-01080
ACCESS-0090,ONT-01170
ACCESS-0090,ONT-01313
ACCESS-0090,ONT-01391
ACCESS-0090,ONT-01448
ACCESS-0090,ONT-01526
ACCESS-0090,ONT-01582
ACCESS-0090,ONT-01609
ACCESS-0090,ONT-02050
ACCESS-0090,ONT-02061
ACCESS-0090,ONT-02118
ACCESS-0090,ONT-02258
ACCESS-0090,ONT-02456
ACCESS-0090,ONT-02527
ACCESS-0090,ONT-02621
ACCESS-0090,ONT-02688
ACCESS-0090,ONT-02714
ACCESS-0091,ONT-00065
ACCESS-0091,ONT-00287
ACCESS-0091,ONT-00370
ACCESS-0091,ONT-00535
ACCESS-0091,ONT-00819
ACCESS-0091,ONT-00913
ACCESS-0091,ONT-00926
ACCESS-0091,ONT-01050
ACCESS-0091,ONT-01138
ACCESS-0091,ONT-01183
ACCESS-0091,ONT-01225
ACCESS-0091,ONT-01283
ACCESS-0091,ONT-01289
ACCESS-0091,ONT-01296
ACCESS-0091,ONT-01546
ACCESS-0091,ONT-01656
ACCESS-0091,ONT-01768
ACCESS-0091,ONT-01835
ACCESS-0091,ONT-01939
ACCESS-0091,ONT-01997
ACCESS-0091,ONT-02058
ACCESS-0091,ONT-02175
ACCESS-0091,ONT-02262
ACCESS-0091,ONT-02469
ACCESS-0091,ONT-02586
ACCESS-0091,ONT-02588
ACCESS-0091,ONT-02802
ACCESS-0091,ONT-02865
ACCESS-0091,ONT-02999
ACCESS-0092,ONT-00273
ACCESS-0092,ONT-00336
ACCESS-0092,ONT-00513
ACCESS-0092,ONT-00696
ACCESS-0092,ONT-00941
ACCESS-0092,ONT-01056
ACCESS-0092,ONT-01130
ACCESS-0092,ONT-01372
ACCESS-0092,ONT-02069
ACCESS-0092,ONT-02264
ACCESS-0092,ONT-02353
ACCESS-0092,ONT-02474
ACCESS-0092,ONT-02493
ACCESS-0092,ONT-02513
ACCESS-0092,ONT-02574
ACCESS-0093,ONT-00078
ACCESS-0093,ONT-00313
ACCESS-0093,ONT-00390
ACCESS-0093,ONT-00564
ACCESS-0093,ONT-00637
ACCESS-0093,ONT-00686
ACCESS-0093,ONT-01519
ACCESS-0093,ONT-01608
ACCESS-0093,ONT-01631
ACCESS-0093,ONT-01916
ACCESS-0093,ONT-01957
ACCESS-0093,ONT-01992
ACCESS-0093,ONT-02037
ACCESS-0093,ONT-02156
ACCESS-0093,ONT-02194
ACCESS-0093,ONT-02276
ACCESS-0093,ONT-02304
ACCESS-0093,ONT-02334
ACCESS-0093,ONT-02531
ACCESS-0093,ONT-02550
ACCESS-0093,ONT-02578
ACCESS-0093,ONT-02627
ACCESS-0093,ONT-02727
ACCESS-0094,ONT-00382
ACCESS-0094,ONT-00424
ACCESS-0094,ONT-00476
ACCESS-0094,ONT-00611
ACCESS-0094,ONT-00701
ACCESS-0094,ONT-00741
ACCESS-0094,ONT-00766
ACCESS-0094,ONT-00866
ACCESS-0094,ONT-00999
ACCESS-0094,ONT-01035
ACCESS-0094,ONT-01142
ACCESS-0094,ONT-01204
ACCESS-0094,ONT-01531
ACCESS-0094,ONT-01575
ACCESS-0094,ONT-01640
ACCESS-0094,ONT-01659
ACCESS-0094,ONT-01661
ACCESS-0094,ONT-01742
ACCESS-0094,ONT-01775
ACCESS-0094,ONT-01811
ACCESS-0094,ONT-01827
ACCESS-0094,ONT-01862
ACCESS-0094,ONT-01938
ACCESS-0094,ONT-01981
ACCESS-0094,ONT-02162
ACCESS-0094,ONT-02176
ACCESS-0094,ONT-02190
ACCESS-0094,ONT-02191
ACCESS-0094,ONT-02348
ACCESS-0094,ONT-02401
ACCESS-0094,ONT-02523
ACCESS-0094,ONT-02593
ACCESS-0094,ONT-02622
ACCESS-0094,ONT-02658
ACCESS-0094,ONT-02793
ACCESS-0094,ONT-02801
ACCESS-0094,ONT-02814
ACCESS-0094,ONT-02897
ACCESS-0094,ONT-02943
ACCESS-0095,ONT-00018
ACCESS-0095,ONT-00058
ACCESS-0095,ONT-00387
ACCESS-0095,ONT-00708
ACCESS-0095,ONT-00718
ACCESS-0095,ONT-00733
ACCESS-0095,ONT-00811
ACCESS-0095,ONT-00905
ACCESS-0095,ONT-00966
ACCESS-0095,ONT-01081
ACCESS-0095,ONT-01140
ACCESS-0095,ONT-01172
ACCESS-0095,ONT-01210
ACCESS-0095,ONT-01223
ACCESS-0095,ONT-01384
ACCESS-0095,ONT-01411
ACCESS-0095,ONT-01449
ACCESS-0095,ONT-01563
ACCESS-0095,ONT-01810
ACCESS-0095,ONT-01826
ACCESS-0095,ONT-01878
ACCESS-0095,ONT-01964
ACCESS-0095,ONT-02097
ACCESS-0095,ONT-02314
ACCESS-0095,ONT-02489
ACCESS-0095,ONT-02537
ACCESS-0095,ONT-02577
ACCESS-0095,ONT-02587
ACCESS-0095,ONT-02604
ACCESS-0095,ONT-02646
ACCESS-0096,ONT-00304
ACCESS-0096,ONT-00477
ACCESS-0096,ONT-00482
ACCESS-0096,ONT-00682
ACCESS-0096,ONT-00687
ACCESS-0096,ONT-00706
ACCESS-0096,ONT-00783
ACCESS-0096,ONT-00797
ACCESS-0096,ONT-01005
ACCESS-0096,ONT-01065
ACCESS-0096,ONT-01252
ACCESS-0096,ONT-01285
ACCESS-0096,ONT-01297
ACCESS-0096,ONT-01397
ACCESS-0096,ONT-01557
ACCESS-0096,ONT-01567
ACCESS-0096,ONT-01611
ACCESS-0096,ONT-01622
ACCESS-0096,ONT-01664
ACCESS-0096,ONT-01763
ACCESS-0096,ONT-01995
ACCESS-0096,ONT-02052
ACCESS-0096,ONT-02300
ACCESS-0096,ONT-02308
ACCESS-0096,ONT-02389
ACCESS-0096,ONT-02452
ACCESS-0096,ONT-02539
ACCESS-0096,ONT-02689
ACCESS-0096,ONT-02770
ACCESS-0096,ONT-02819
ACCESS-0097,ONT-00306
ACCESS-0097,ONT-00485
ACCESS-0097,ONT-00597
ACCESS-0097,ONT-00689
ACCESS-0097,ONT-00736
ACCESS-0097,ONT-00837
ACCESS-0097,ONT-00952
ACCESS-0097,ONT-01090
ACCESS-0097,ONT-01133
ACCESS-0097,ONT-01203
ACCESS-0097,ONT-01220
ACCESS-0097,ONT-01250
ACCESS-0097,ONT-01405
ACCESS-0097,ONT-01542
ACCESS-0097,ONT-01797
ACCESS-0097,ONT-01896
ACCESS-0097,ONT-01961
ACCESS-0097,ONT-02047
ACCESS-0097,ONT-02057
ACCESS-0097,ONT-02065
ACCESS-0097,ONT-02248
ACCESS-0097,ONT-02260
ACCESS-0097,ONT-02298
ACCESS-0097,ONT-02302
ACCESS-0097,ONT-02443
ACCESS-0097,ONT-02607
ACCESS-0097,ONT-02647
ACCESS-0097,ONT-02697
ACCESS-0097,ONT-02726
ACCESS-0098,ONT-00040
ACCESS-0098,ONT-00111
ACCESS-0098,ONT-00296
ACCESS-0098,ONT-00393
ACCESS-0098,ONT-00486
ACCESS-0098,ONT-00525
ACCESS-0098,ONT-00552
ACCESS-0098,ONT-00712
ACCESS-0098,ONT-00758
ACCESS-0098,ONT-00796
ACCESS-0098,ONT-01016
ACCESS-0098,ONT-01106
ACCESS-0098,ONT-01388
ACCESS-0098,ONT-01633
ACCESS-0098,ONT-01746
ACCESS-0098,ONT-01851
ACCESS-0098,ONT-01908
ACCESS-0098,ONT-01950
ACCESS-0098,ONT-01973
ACCESS-0098,ONT-01977
ACCESS-0098,ONT-02376
ACCESS-0098,ONT-02432
ACCESS-0098,ONT-02441
ACCESS-0098,ONT-02585
ACCESS-0098,ONT-02633
ACCESS-0098,ONT-02725
ACCESS-0098,ONT-02796
ACCESS-0098,ONT-02848
ACCESS-0098,ONT-02931
ACCESS-0098,ONT-02981
ACCESS-0099,ONT-00403
ACCESS-0099,ONT-00489
ACCESS-0099,ONT-00494
ACCESS-0099,ONT-00583
ACCESS-0099,ONT-00604
ACCESS-0099,ONT-00691
ACCESS-0099,ONT-00822
ACCESS-0099,ONT-00863
ACCESS-0099,ONT-01025
ACCESS-0099,ONT-01051
ACCESS-0099,ONT-01199
ACCESS-0099,ONT-01312
ACCESS-0099,ONT-01345
ACCESS-0099,ONT-01467
ACCESS-0099,ONT-01641
ACCESS-0099,ONT-01685
ACCESS-0099,ONT-01928
ACCESS-0099,ONT-02051
ACCESS-0099,ONT-02087
ACCESS-0099,ONT-02246
ACCESS-0099,ONT-02266
ACCESS-0099,ONT-02404
ACCESS-0099,ONT-02431
ACCESS-0099,ONT-02470
ACCESS-0099,ONT-02483
ACCESS-0099,ONT-02686
ACCESS-0099,ONT-02722
ACCESS-0099,ONT-02896
